OpenDSS Value (p.u.),Bus
0.9987434635333546,p1ulv40181
1.003451541252503,p1ulv47982
1.0061922333467874,udt18374lv
1.008413364112947,p1ulv59978
1.0101188274421313,p1ulv40419
1.011150341695734,p1ulv386
1.0119267321296965,p1ulv394
1.0120535605571659,udt15940lv
1.0124798883718604,p1ulv3745
1.0133153349006279,p1ulv4914
1.01368524378464,p1ulv53602
1.0137258220165382,p1ulv46934
1.0137408949014266,p1ulv52184
1.0138444252194883,udt15776lv
1.0138798509275613,udt254lv
1.0139405785087257,p1ulv56021
1.0141517090863812,p1ulv59115
1.0142081469762387,p1ulv40122
1.0142250079728385,p1ulv3755
1.0142847477856582,p1ulv369
1.0144244932583095,p1ulv56715
1.0145076891902995,p1ulv55350
1.0145260536805476,p1ulv53941
1.014585081379276,udm48332
1.0147673215111925,p1ulv48623
1.0148446383691723,p1ulv4905
1.0149371242998293,p1ulv52595
1.014946188403987,p1ulv5093
1.0150040491954644,p1ulv57597
1.01517943904369,udm858
1.015200054948913,p1ulv46615
1.0152162950183254,p1ulv54754
1.0152973880308693,p1ulv52659
1.0153339381072932,p1ulv389
1.0153386211647948,p1ulv4918
1.015339306746886,p1ulv54624
1.0153471559575815,p1ulv54081
1.0153493680308805,udt1772lv
1.015420359996883,udm8983
1.0154809977666641,p1ulv59422
1.0155038135017873,udt15732lv
1.0155199780724755,p1ulv5091
1.0155531961138362,udt2362lv
1.0156202134612766,udt18561lv
1.0156276341571264,p1ulv57294
1.0157355598016993,p1ulv55744
1.0157479472386475,p1ulv56959
1.0157840338597395,p1ulv3756
1.0158733556802957,p1ulv3760
1.0159058531802554,p1ulv51683
1.0159339451742957,p1ulv49838
1.015948132990145,udm859
1.01596208991967,udt2253lv
1.0162446356030053,udm56247
1.016249981285429,p1ulv3762
1.016352371155149,udm9413
1.0163633217361863,udm57845
1.0163936670745024,p1ulv45084
1.0164132592120154,udt18032lv
1.0166725687289058,udm8940
1.0167297415764833,udt20296lv
1.0167369704665907,p1ulv60163
1.0168706965679437,udm34691
1.016884473260512,udt18813lv
1.0169084910568893,udm56245
1.0169640036301526,p1ulv56269
1.017060207261745,udm853
1.0170947485082107,udm8985
1.0171190865360933,p1ulv43010
1.017135380385806,p1ulv4917
1.0171379092716926,udt17611lv
1.0171665870622069,udt19515lv
1.017171902748707,p1ulv60922
1.0172074715210746,p1ulv49776
1.0173389362680305,p1ulv48542
1.017360224180047,p1ulv52939
1.0174122187727135,p1ulv22676
1.0175270500022857,p1ulv4884
1.0175271966426145,udt2234lv
1.0176476214986825,p1ulv360
1.017741017105008,udm906
1.0177848147944044,udm866
1.0177904942307443,udm55880
1.0178208311572514,p1ulv61103
1.0178541002443127,p1ulv382
1.0178755014296255,p1ulv57826
1.0178992898642225,p1ulv40048
1.0179187553093305,p1ulv39621
1.0179233917853547,udt15682lv
1.0179733754796068,udt20842lv
1.0180175887653673,p1ulv59216
1.018152784949149,udm852
1.018172006423812,p1ulv40042
1.0181983785861157,p1ulv4916
1.0182327159910858,udm898
1.0182985102732809,udt20760lv
1.0183484730296022,p1ulv361
1.0183643583073332,p1ulv51861
1.0183898732893066,p1ulv61172
1.018410458947283,udt230lv
1.018424710980622,p1ulv52527
1.0184445238752884,udt19946lv
1.0184516691074514,udm8993
1.0184748287036438,p1ulv40344
1.0187402557893317,p1ulv41651
1.0187710916284085,udt10026lv
1.0187748401775405,p1ulv57021
1.0188373081871227,udt15890lv
1.0188477501505804,udt20534lv
1.018853029301948,udm8987
1.0189016259024306,p1ulv4888
1.0189585346757117,udm8984
1.019008399466108,p1ulv51233
1.0190366381098002,udt19791lv
1.0190717651074768,udm908
1.0190740700798355,udm51217
1.0190804405389327,p1ulv52660
1.0190820559857525,udt20650lv
1.0190927484247911,p1ulv54445
1.019099311237949,udt1777lv
1.0191256706499077,p1ulv54508
1.0191257464107155,udt16857lv
1.0191607272087824,udt1773lv
1.0191615234679432,p1ulv54752
1.0191705697502353,udt16198lv
1.0192114965664667,udm59217
1.0192306809404195,p1ulv56086
1.0193094682574042,p1ulv4913
1.0193472234593832,p1ulv48554
1.019367679505234,p1ulv59688
1.0194053993735526,p1ulv57116
1.0194608465192412,udt20116lv
1.01946255476883,p1ulv54008
1.0195011828535554,udm8976
1.0195043420181575,p1ulv49777
1.0195431692032368,udm34690
1.0195857447804026,p1ulv42029
1.0195939309084212,p1ulv22680
1.0196020100853938,p1ulv4910
1.0196752936139881,udt231lv
1.0196816878402977,p1ulv58770
1.0197401789380354,p1ulv51687
1.0197695901313688,udm47216
1.019774651074293,p1ulv50292
1.0197861802558486,p1ulv59049
1.019795214651466,udt19180lv
1.0198384059864445,p1ulv55158
1.0198584588891935,udt2247lv
1.0198659626181361,p1ulv51289
1.0198851883116502,udt20215lv
1.0199583086402348,udm55881
1.0199593259356163,udm47220
1.0199893343255235,udm49684
1.0200220183909747,udt2244lv
1.0200487598586498,p1ulv377
1.0200566620943698,p1ulv52117
1.0200750213703238,p1ulv53888
1.0200879790851862,udm9414
1.0201089994327321,p1ulv44895
1.020109464149258,p1ulv60590
1.0201302557955918,udm894
1.0201487847234258,udm856
1.020152952122153,udm51216
1.0201669544837577,udt2360lv
1.0201912255985377,udt16592lv
1.0201987891285782,udm916
1.0201998706995674,udm58800
1.0202002595323105,udm58799
1.0202048673868693,p1ulv48673
1.0202109032511848,udt20592lv
1.0202636828908591,udt19084lv
1.0202652147176496,udm872
1.0202905344878364,p1ulv57114
1.0202943510268376,udt20019lv
1.0203229042112947,p1ulv363
1.0203410395968369,p1ulv374
1.0203709702829447,udt20224lv
1.0203758756021561,p1ulv50991
1.0203787339263153,udt245lv
1.0204183451284634,p1ulv39731
1.020436762088064,p1ulv375
1.0204411864826286,udm915
1.0204620488577194,p1ulv48490
1.020503364917539,udm51215
1.020507794434557,udt18538lv
1.0205367336763849,p1ulv50093
1.0205453483121638,p1ulv39910
1.0205484193208303,p1ulv380
1.0206041988000463,udt243lv
1.0206178981042877,udm910
1.020635549578821,udm893
1.0206498567691422,udt18574lv
1.0206580120487656,p1ulv46307
1.0206769152772084,p1ulv43569
1.0206999725009522,p1ulv59460
1.020707771172558,udm905
1.0207110459740227,udm47215
1.0207366712356887,p1ulv3759
1.0207715366408823,p1ulv43004
1.0207754188034448,p1ulv57536
1.0208094413320579,udt1775lv
1.0208209642319184,udt2252lv
1.02082530743844,p1ulv58855
1.0208522817791135,udm57591
1.0208689472639354,p1ulv56324
1.0209074353122864,p1ulv51993
1.0209247842066285,p1ulv378
1.020942049609819,p1ulv22667
1.0209549967001972,p1ulv3707
1.020977454766901,udt17128lv
1.0209854603885509,udm909
1.0210087900316895,udt234lv
1.0210211321100862,udm8946
1.0210277705005981,udt16196lv
1.0210930196914374,udm869
1.021173015384122,p1ulv384
1.0211853241486095,p1ulv4887
1.0211988006601938,udm836
1.0211999493766577,udm49683
1.021239264429206,p1ulv42028
1.0212409182786997,p1ulv45400
1.0212467220229147,p1ulv46375
1.0212640706218572,p1ulv54268
1.0212644812507876,udm8975
1.0212646093851325,udt17450-udt20224x
1.021280909187619,p1ulv55095
1.0212920691556537,p1ulv45217
1.0212942303319041,p1ulv56956
1.0213126191807347,udt248lv
1.021319394567297,udt240lv
1.02132653289358,udt10028lv
1.021395594575143,udm871
1.021435208964427,p1ulv354
1.0214491686900589,udm34702
1.0214517963421095,p1ulv41350
1.021466215896108,p1ulv52941
1.0214861914393305,p1ulv46810
1.021503187586253,udt17736lv
1.0215095031870827,p1ulv3758
1.0215255228644593,udt235lv
1.0215349523586226,udm875
1.0215473241416764,p1ulv4885
1.0215633375275286,p1ulv46811
1.0215638272884477,p1ulv59530
1.0215803856645354,p1ulv56891
1.0215811403204234,udt20808lv
1.0215911674800866,p1ulv51989
1.021594539306641,p1ulv59342
1.0216146248123001,udt20693lv
1.0216518540892539,p1ulv57024
1.0216906818857514,udm857
1.0217059824238486,udm873
1.0217101718056179,p1ulv58774
1.0217460258764752,udm47217
1.0217520130939126,udm813
1.0217876061668436,udm8945
1.0218007076208937,p1ulv56053
1.0218184918045772,udt15589lv
1.0218285823174247,p1ulv365
1.0218767430999842,udt20224
1.0219193218931348,p1ulv44958
1.021921641605314,p1ulv52426
1.021926663729493,p1ulv52055
1.0219681391298832,udt16198-udt20135x
1.0219692975881483,udm8992
1.0219821106658293,p1ulv366
1.02200364943025,udt16198
1.0220099642173666,p1ulv4898
1.0220350247688792,p1ulv3735
1.02205247636884,udm59615
1.0220603746906902,p1ulv43571
1.0220840416272132,udt1777
1.0221067499352543,p1ulv59850
1.0221141953804995,udm889
1.022152533599351,p1ulv51987
1.0221602702064607,udm57592
1.0221676065260779,udt2251lv
1.0221981231688255,udt1773
1.0222224844933296,udt20316lv
1.0222281014542873,udt17977lv
1.0222482809398001,udt242lv
1.0222608126638142,udt1772
1.0222654770915078,udt20340lv
1.0222707935565039,p1ulv39920
1.022286842857118,udt15596lv
1.0223242269067707,p1ulv60161
1.022359887296262,udm897
1.0223703529550123,udm57590
1.0224243732356273,udm835
1.0224692450547384,p1ulv41468
1.0224872799982605,udt20006lv
1.0225023510342972,p1ulv55097
1.0225586922086483,p1ulv53007
1.022568919377819,udt19361lv
1.0225855227971743,udm870
1.0225878063365237,p1ulv54981
1.0225906778662894,p1ulv55905
1.0225955546940027,udt2248lv
1.022620881496981,udm34700
1.0226485735134112,udm883
1.0227060770897296,p1ulv44897
1.0227161247627055,udt20629lv
1.0227257638505778,udm59616
1.022738379136308,udm54481
1.0227430952771934,p1ulv60851
1.0228122860131563,udm54629
1.0228264550172437,p1ulv60981
1.0228294274509189,p1ulv49595
1.022843774034007,udm56244
1.0228688589932888,udm6967
1.0228776522124534,udm8943
1.0228792763087247,p1ulv388
1.0229279633117208,udt20470lv
1.0229457430303595,udm57512
1.0229530387757395,udt18862lv
1.0230071633079887,udm808
1.0230337403066538,udm7010
1.0230382698116003,p1ulv376
1.0230455031963692,udm47218
1.0230629950209202,udm34667
1.0230775465600348,p1ulv60527
1.0230842931608841,p1ulv43312
1.0230853974493832,udt18855lv
1.0230940303347853,p1ulv50031
1.023219432653298,udm865
1.0232213710751046,udt1770lv
1.0232274551366145,udt219lv
1.023243260684466,p1ulv57361
1.0232861743885797,p1ulv39737
1.0233483185699246,p1ulv57997
1.023351205514275,p1ulv55843
1.023351478263117,udm812
1.0233572964614148,udm895
1.0233580193054337,udt18007lv
1.0233840531368277,p1ulv46557
1.0233861309088177,udt20135lv
1.0234045307317792,udm864
1.0234251347357302,p1ulv373
1.023432213633761,p1ulv346
1.0234403850299958,udt20485lv
1.0234706319659241,p1ulv3714
1.0234916588761978,p1ulv49964
1.023527214034524,p1ulv54337
1.0235550183612736,p1ulv3706
1.0235650324451402,udt15462lv
1.023567171792176,udm8991
1.0236565844685301,p1ulv53075
1.0236720608840615,udt17002lv
1.0236728763910667,udm56243
1.0236812720097053,p1ulv52849
1.0236822672215697,udt237lv
1.0236857849615113,udt19393lv
1.0236890403898138,p1ulv59585
1.0237009845347267,udm947
1.0237360789707342,p1ulv385
1.0237559679427797,p1ulv40349
1.023770768094499,p1ulv4906
1.0237744303783467,udm850
1.0237797958350177,p1ulv3712
1.0237849549506925,p1ulv55501
1.0238104341616063,udm51432
1.0238541720504264,udt19805lv
1.0238673623084247,udm868
1.023900788117111,p1ulv6629
1.023922976198151,udm8949
1.0239343108945063,udm8947
1.0239377905032971,p1ulv56647
1.0239418501929982,p1ulv49662
1.0239469603777955,udt18770lv
1.0239604882772868,p1ulv3704
1.0239625583058802,p1ulv3734
1.0239736923887985,udt19544lv
1.0239749388135602,udm6966
1.0239778939522857,p1ulv6630
1.023989448330236,p1ulv40481
1.0239912383046499,udt16334lv
1.023998334248291,udm838
1.0240144488079346,udt233lv
1.024030016654968,p1ulv55033
1.0240695889351192,p1ulv53537
1.024088827427907,udt2247
1.0240888277834614,udt2244-udt2247xx
1.0241006129946224,udt20006
1.024100613037018,udt19056-udt20006xxx
1.0241006542150488,udt19056-udt20006xx
1.0241006542573814,udt19056-udt20006x
1.0241029213580242,p1ulv364
1.024103292050405,udt2244-udt2247x
1.0241032924032842,udt2244
1.0241032928866258,udt20019-udt2244xx
1.0241099792587027,udt16659lv
1.0241411148368278,udt20019-udt2244x
1.0241411153150333,udt20019
1.024141115910086,udt20019-udt2251x
1.0241546909005668,udt20019-udt2251xx
1.0241546914941304,udt2251
1.0241546921128832,udt2246-udt2251xxx
1.0241565596961444,p1ulv41587
1.024157287211208,p1ulv48552
1.0241609780972674,udt20567lv
1.024184169447116,p1ulv46489
1.0241844351133194,p1ulv60336
1.024200432852193,udt2246-udt2251xx
1.0242004334661234,udt2246-udt2251x
1.0243025591823651,p1ulv55444
1.0243204666352734,p1ulv41439
1.0243246655848104,p1ulv3752
1.0243254693968513,udm54482
1.024335311584221,udt225lv
1.0243365987026691,p1ulv3705
1.0243384473507682,udt16531lv
1.0243450195994062,udm58212
1.0243573605068526,p1ulv39984
1.024364911743374,p1ulv4900
1.0243656361528442,p1ulv359
1.0244017879487892,udm56246
1.0244024982086828,udt1776lv
1.0244051377793602,udt19193lv
1.0244287916431136,p1ulv50062
1.0244308986109827,p1ulv22668
1.0244445860880438,udm57101
1.0244534886460914,p1ulv58398
1.024462010264745,udt247lv
1.0244809595710007,p1ulv51177
1.0244850955560616,p1ulv6613
1.0245042940759586,p1ulv22678
1.0245064657077603,p1ulv48223
1.0245103810717882,p1ulv60683
1.0245226161737842,p1ulv53440
1.0245379916019866,p1ulv3716
1.024559572667087,udm34668
1.0245601118517889,p1ulv58582
1.0245611169537423,udm51430
1.0246068969369726,p1ulv53009
1.0246210160508848,p1ulv55062
1.0246597984155064,p1ulv53069
1.024664128999162,p1ulv49832
1.0246729659269138,p1ulv3703
1.0246962572980538,udm51429
1.0247492468909951,p1ulv56152
1.0247597459842628,p1ulv52302
1.0247607432551997,udm8950
1.024776311896668,p1ulv44775
1.0247888597394774,p1ulv348
1.0247908465518285,p1ulv397
1.0247960229062731,p1ulv58709
1.0248077252910581,udm51212
1.0248473229952353,p1ulv59918
1.0248554142706425,udm48643
1.0248571801676163,p1ulv53333
1.0248613627932845,p1ulv40238
1.0248690381156025,udt17920lv
1.0248693864416918,p1ulv41914
1.0248936953210972,p1ulv58461
1.024900541839211,p1ulv54794
1.0249291091397916,p1ulv51745
1.0249303483553927,p1ulv48053
1.0249310551635715,udm8951
1.0249376104149168,udm57546
1.0249462253090338,udm882
1.0249490109995467,p1ulv53828
1.024956982976704,udm51341
1.024969270034591,p1ulv53136
1.0249792123791435,p1ulv42089
1.0250081110646438,p1ulv4915
1.025023837879565,udm48642
1.0250394902809739,udt15819lv
1.0250936329649454,udt19691lv
1.025102890363925,p1ulv57244
1.0251517027544104,p1ulv53434
1.0251614584740898,udm34669
1.025162597899432,udm57547
1.0251737878407583,p1ulv46867
1.0251746272494113,udm8944
1.02517914345131,p1ulv60529
1.0251806294485262,udt15979lv
1.025183228048047,udm58869
1.0252401281966796,udm51340
1.0252527062867642,udm34661
1.0252700071524858,udt18917lv
1.0252727783999365,p1ulv56002
1.0252848551762468,udt241lv
1.025300527402113,udt18121lv
1.0253005291232018,udt16629lv
1.0253108217617088,udt1765lv
1.0253209841965196,p1ulv22665
1.025340199450234,p1ulv53666
1.0253417063081882,p1ulv57247
1.0253440476188767,udt20549lv
1.0253512844074375,udt15589
1.0253560501728516,udm51342
1.0253591210176776,udt18098lv
1.0253680294562486,udt3034lv
1.0253695731422858,udt17583lv
1.0253737929999904,p1ulv43498
1.025375149848495,udt15589-udt18574x
1.025382291953895,p1ulv50296
1.0253860978271496,p1ulv48164
1.02539891482011,udt16591lv
1.0254000170679838,p1ulv56263
1.0254296244001675,udt20164lv
1.025439614498787,p1ulv3715
1.0254401139187888,udt18401lv
1.0254597935141778,p1ulv59392
1.0254656381180827,p1ulv45020
1.0254720086481373,p1ulv4890
1.0254803925430465,udm804
1.0255057200058175,p1ulv59214
1.025553942614647,p1ulv43762
1.0255664922216843,udt15456lv
1.025591815117056,p1ulv3713
1.0256102439157928,udm57124
1.0256198040240663,p1ulv3711
1.0256491185480425,p1ulv57602
1.0256621509302124,p1ulv52060
1.0256625464101075,udm34659
1.0256654421821843,udt2237lv
1.0257050195973154,p1ulv61048
1.0257129966553427,p1ulv54335
1.0257237100199723,p1ulv3730
1.0257503302304298,udt17100lv
1.0257605996327908,udm52561
1.0257639335271467,p1ulv59852
1.0257641250288194,udt10019lv
1.0257641910704152,p1ulv60278
1.02576657871457,p1ulv48286
1.025770876200526,p1ulv51048
1.02577556454148,p1ulv57753
1.0257769900587475,udm34666
1.025777500114176,p1ulv45282
1.0257885875522856,udt20671lv
1.02579671691403,udt2235lv
1.0258037351689877,udm8967
1.0258376012062689,udt18541lv
1.0258550257357237,p1ulv345
1.0258723902854672,udm810
1.0258801722747843,udt18470lv
1.0258824608855748,udm807
1.0259084863003087,p1ulv43766
1.0260174361820575,udm49171
1.0260319677217054,p1ulv55349
1.0260708293860137,udt17690lv
1.02607697055725,p1ulv368
1.0260772329285954,p1ulv51681
1.026083573805637,p1ulv59114
1.026088367680518,udt20855lv
1.0260892512852402,p1ulv56089
1.0260932506987666,p1ulv52467
1.0261060700572564,udm49169
1.026107326219559,p1ulv14635
1.0261198904322888,udm817
1.0261323001301619,p1ulv57702
1.0261380748628088,udm58504
1.0261385494722464,udm6977
1.0261429456075484,p1ulv5095
1.026174080550232,p1ulv6617
1.0262263731208803,udt10021lv
1.0262397995471504,udt20053lv
1.0262459367899637,p1ulv40418
1.0262540920670953,udt19629lv
1.026255509318552,udt3037lv
1.0262826868035073,udm946
1.0262940338657425,udm57545
1.0263127707562112,p1ulv58237
1.0263199529298541,p1ulv57932
1.0263235054987305,udt229lv
1.026326916169951,p1ulv56609
1.0263433405488143,udt19375lv
1.02634623418989,udt15371lv
1.0263474804259527,udm6978
1.026349236595935,udm8979
1.0263500119312172,p1ulv51116
1.0263742571949743,p1ulv6602
1.0263754461587693,udm809
1.026378245173817,udt19850lv
1.0264182074843777,p1ulv5096
1.0264267483329312,p1ulv55507
1.026452024251174,udt17528lv
1.0264622149750027,p1ulv43188
1.0264640304627721,udt19851lv
1.0264735445441433,p1ulv49664
1.0264911607161182,p1ulv58301
1.0264947576873138,p1ulv55842
1.0265137051437747,udm8989
1.0265269285835377,udt16952lv
1.0265330525228407,udt3024lv
1.0265374336921511,udm57551
1.0265445493238308,p1ulv355
1.0265665025431254,udt226lv
1.0265807544022132,p1ulv52759
1.0265872994636047,udt16889lv
1.026613037110018,udt2241lv
1.0266156736653709,p1ulv46745
1.026648306697463,udm903
1.0266849331271966,p1ulv4886
1.0266910517390484,udt18079lv
1.0266915301692685,udt218lv
1.0267079230034013,p1ulv59524
1.026738783155687,udm8980
1.0267606480180747,udm839
1.0267766179201843,p1ulv53369
1.026785845863483,p1ulv45342
1.0267874110431081,p1ulv3718
1.0267981975382174,p1ulv60404
1.0268104133110363,udm818
1.0268163021958274,p1ulv3720
1.0268213999441667,udt257lv
1.0268421060139705,p1ulv54792
1.0268488639076812,udt20348lv
1.0268900032499058,p1ulv56541
1.0269150432476084,udt20064lv
1.0269220336881428,p1ulv59457
1.0269220698586536,udt20790lv
1.0269282230162158,p1ulv22669
1.0269427942696334,p1ulv4907
1.026954961248828,p1ulv3722
1.0269635968685709,udt17214lv
1.026966574949687,udt20732lv
1.0270131198436796,p1ulv22670
1.0270235322637171,udt20679lv
1.0270287312312294,udm6976
1.0270316647700939,udm9420
1.027050265814163,p1ulv55743
1.0270615013832738,udt221lv
1.0270817795132539,udm9422
1.0270834436202592,p1ulv59747
1.027091407877089,udm8978
1.027100784699251,p1ulv387
1.0271160470476635,udm49170
1.0271180405483895,p1ulv43375
1.0271235397236982,udt10020lv
1.0271401213411004,udt2364lv
1.0271541977686245,udt20104lv
1.0271543711550817,p1ulv61234
1.027158616496256,udt17035lv
1.0271865183401558,udm6981
1.0272038900487859,udt2365lv
1.027210560081693,p1ulv43183
1.0272130620991242,p1ulv22666
1.027240103686832,udm49173
1.027247896701648,p1ulv3721
1.0272636015852175,udt249lv
1.0272672164645043,udm34664
1.027289038353977,udt17478lv
1.0273007238848768,p1ulv39864
1.0273045327873038,udt15557lv
1.0273068364026496,p1ulv45156
1.0273177545668473,udt239lv
1.0273179469603098,p1ulv46870
1.0273199462291922,udm57225
1.0273256694501902,p1ulv3719
1.0273345737816026,p1ulv51052
1.0273577087206374,udt17639lv
1.0273656673247604,p1ulv43067
1.0273771774253624,p1ulv41617
1.0273826804032273,udt15939lv
1.0273836992898309,p1ulv3726
1.027422483731867,p1ulv3729
1.0274303462889816,udt19042lv
1.0274597407690136,p1ulv58956
1.0274865294257958,udt19206lv
1.0274939877188656,p1ulv54917
1.0274999268144638,udm59727
1.027505539005504,udm9419
1.027506251330649,p1ulv3717
1.027527079375619,udt2245lv
1.0275715169635362,udt15505lv
1.0276140020685878,p1ulv22674
1.027614206316119,udm6975
1.0276188036872262,p1ulv3709
1.0276492492365263,udm53345
1.027653949096436,udt1767lv
1.027664248239104,p1ulv53071
1.0276707427256189,udm9421
1.0276712435386846,udt19823lv
1.0276997366876601,p1ulv39796
1.02772684782006,udt18401
1.0277268479092347,udt16196-udt18401xxx
1.0277269337148132,udt16196-udt18401xx
1.0277269338039248,udt16196-udt18401x
1.0277323383960062,udt17450lv
1.0277441072004376,p1ulv57824
1.0277500690697674,udt16631lv
1.0277514345059702,p1ulv53766
1.027826399651554,p1ulv42095
1.0278329521028235,p1ulv53634
1.0278428535864674,udm53344
1.0278539662041788,udt19679lv
1.0278667423633512,p1ulv3727
1.0278853376499404,udt19232lv
1.0279133398559954,udt16857
1.0279207362796832,p1ulv53497
1.027921584950582,udt18561
1.0279263922372024,udt18813
1.0279274057298131,udt16631
1.0279288942048073,udt18007
1.027937374211538,udt19640lv
1.027940938774009,p1ulv44709
1.0279449108233356,udt18007-udt20296x
1.027945085866542,udt20296
1.0279450902540246,udt19345-udt20296x
1.0279464232663353,udm58260
1.0279584286188506,p1ulv5097
1.0279604951069963,udt1776
1.0279604954717354,udt1775-udt1776xxx
1.027960833161934,udt1775-udt1776xx
1.0279608335266102,udt1775-udt1776x
1.0279734633333983,udt17100
1.0279735317922307,udt17100-udt2360x
1.0279752872258656,udt17100-udt2360xx
1.027975348106385,udt2360
1.0279760749458509,udt19143-udt2360xx
1.0279832605720116,udt254
1.027997056984572,udt16334-udt20104x
1.027997057028868,udt16334-udt20104xx
1.0279970965643972,udt16334-udt20104xxx
1.0279970966086298,udt20104
1.028006109188519,udt19143-udt2360x
1.0280068250086527,udt19143
1.02800708500135,udt19143-udt20348x
1.028009147238821,udt18470
1.028009221573905,udt18470-udt2364x
1.0280092876530276,udt20693
1.0280093707554707,udt19143-udt20348xx
1.0280094380190643,udt20348-udt20693xx
1.0280094777206,udt20348-udt20693x
1.0280095898293375,udt18470-udt2364xx
1.0280096280167332,udt20348
1.0280096628106825,udt2364
1.028009755332099,udt19515-udt2364xx
1.0280106634192896,udt19515-udt2364x
1.0280107532336673,udt19515
1.0280108933898533,udt19515-udt2362x
1.0280145678788406,udt19515-udt2362xx
1.0280147005917055,udt2362
1.028019671947954,p1ulv45153
1.0280206950461324,udt17638lv
1.0280229173869488,udt255
1.0280231356812513,p1ulv40178
1.0280306581575953,udt259
1.0280352671822146,udm6971
1.0280423836590389,udt15890
1.0280549540062893,udt19180
1.0280669077654496,p1ulv39982
1.028087615311622,udt20651-udt255x
1.0280893558969812,udt20651
1.0280977769323356,p1ulv59371
1.0280999319048216,udt20667lv
1.0281017142387943,p1ulv57120
1.0281136049067356,p1ulv59634
1.0281177333576883,udt15640lv
1.02812776026074,p1ulv49896
1.0281477431259076,p1ulv3740
1.0281574434456293,p1ulv41464
1.0281600888335496,udm932
1.0281813605671448,udt20564lv
1.0282107058020518,p1ulv58531
1.0282221377872678,udt19245lv
1.0282306558461782,udt20564
1.0282313928659617,udt16196-udt20564xx
1.028235041307111,udt16196-udt20564x
1.0282357770055675,udt16196
1.02823667553903,udt16196-udt242x
1.0282390787001625,udm58618
1.0282413854191053,udm888
1.0282433111114038,udt16196-udt242xx
1.0282442076641491,udt242
1.0282449895419747,udt19454-udt242xx
1.0282487648847545,udt19454-udt242x
1.0282495454757612,udt19454
1.0282503153763243,udt19454-udt243x
1.028263199385447,udt19454-udt243xx
1.0282639648080887,udt243
1.0282648555286522,udt17977-udt243xx
1.0282670562276957,p1ulv48359
1.0282751522394056,udt20790
1.0282751828408794,udt20340-udt20790xx
1.0282753162856064,udt20340-udt20790x
1.0282753457121554,udt20340
1.0282759791859528,udt18541-udt20340xx
1.0282790177959455,udt18541-udt20340x
1.0282796500053384,udt18541
1.0282803244483358,udt16591-udt18541xx
1.0282826240667997,udt17977-udt243x
1.028283509428122,udt17977
1.0282844543653393,udt17977-udt18098x
1.0282851587088289,udt16591-udt18541x
1.0282858312564986,udt16591
1.0282865556214738,udt16531-udt16591xx
1.0282882819658146,udt16531-udt16591x
1.0282890056988172,udt16531
1.0282897198618683,udt16531-udt20567x
1.0282914188736167,udt16531-udt20567xx
1.0282915943360293,udt17977-udt18098xx
1.0282921324046654,udt20567
1.028292537237854,udt18098
1.0282926064723892,udt20650-udt20651x
1.0282928346969478,udt16334-udt20567xx
1.0282934174515619,udt1766lv
1.028293539492782,udt17128-udt18098xx
1.02829578973928,udt20650
1.0282962736429504,udt16334-udt20567x
1.028296974630352,udt16334
1.0282976611332217,udt16334-udt20053x
1.0282978786956047,udt20073
1.0282985900074144,udt17128-udt18098x
1.028299590904129,udt17128
1.0283007372707675,udt17128-udt18770x
1.0283011152369932,udt16334-udt20053xx
1.0283018003955189,udt20053
1.028302505171232,udt20053-udt20629x
1.0283068043359231,udt19454lv
1.0283095817178323,udt20053-udt20629xx
1.0283102838053866,udt20629
1.0283110311729258,udt20629-udt219x
1.0283222440762874,udt20629-udt219xx
1.0283229874111042,udt219
1.028323799491126,udt219-udt237x
1.0283294709829915,p1ulv51352
1.028329622480745,udt17128-udt18770xx
1.0283307620517155,udt18770
1.0283309885343683,udt19907lv
1.0283319902380832,udt18770-udt19748x
1.0283419113935555,udt219-udt237xx
1.0283427174613233,udt237
1.028343524201226,udt20855-udt237xx
1.0283520331825302,udt19112lv
1.0283530392372269,udt20855-udt237x
1.028353662802475,udt18770-udt19748xx
1.0283538427984718,udt20855
1.0283546983833765,udt17638-udt20855xx
1.0283548862324272,udt19748
1.02835566032338,udt18374-udt19748xx
1.0283560821557045,p1ulv52700
1.0283607657702731,udt17638-udt20855x
1.0283616194480334,udt17638
1.028362472911999,udt17638-udt225x
1.0283685858100478,udt18374-udt19748x
1.0283686345209908,udt17638-udt225xx
1.02836933091628,udt18121
1.0283693551485784,udt18374
1.0283693995213714,udt18121-udt225x
1.0283694175058553,udt18121-udt225xx
1.0283694860410062,udt225
1.0283705132635392,udt20679-udt225xx
1.028370989056433,udt18374-udt20450x
1.0283719478697728,p1ulv3710
1.028375099696013,p1ulv48421
1.0283754995687784,udt20679-udt225x
1.0283765254831256,udt20679
1.0283775819965288,udt20679-udt248x
1.0283826267775602,p1ulv3728
1.0283827138148143,udt20679-udt248xx
1.028383769019986,udt248
1.028384939091725,udt20316-udt248xx
1.0283873639715848,udt18374-udt20450xx
1.028388995154103,udt20450
1.0283903821860976,udt16889-udt20450xx
1.0284040002598103,udt16889-udt20450x
1.0284053845794594,udt16889
1.028406763592754,udt16889-udt1775x
1.0284077267681149,udt20316-udt248x
1.0284088915912768,udt20316
1.0284099641434485,udt20316-udt20549x
1.0284126809994623,udt20316-udt20549xx
1.0284137528747788,udt20549
1.028414893373866,udt20549-udt249x
1.028416915223562,udt16889-udt1775xx
1.028418292206867,udt1775
1.0284189616282522,udt2253
1.028419649155694,udt17736-udt1775xx
1.028420735502815,udt18505lv
1.0284321660582127,udt17736-udt1775x
1.028433520417669,udt17736
1.0284350402841107,udt16659-udt17736xx
1.0284351285804032,udt20549-udt249xx
1.0284362643330198,udt249
1.0284374170749908,udt231-udt249xx
1.0284377715755404,udt20135
1.028446189016005,udt231-udt249x
1.028447339724179,udt231
1.0284486360132756,udt18487-udt231xx
1.0284539584462418,udt19717lv
1.0284695120239358,udt16659-udt17736x
1.0284710255759872,udt16659
1.0284722534917334,udt16659-udt18487x
1.0284838286839089,udt10019
1.028483829296192,udt10019-udt20667x
1.0284838297996008,udt10019-udt20667xx
1.0284838303419368,udt20667
1.028484130137141,udt10019-udt19679x
1.028486418805686,udt10019-udt19679xx
1.0284867181941382,udt19679
1.0284870244917368,udt10028-udt19679xx
1.0284885721523107,udt10028-udt19679x
1.0284888770735228,udt10028
1.0284892003551116,udt10028-udt18862x
1.0284906443691788,udt18487-udt231x
1.0284907082548544,udt16659-udt18487xx
1.0284908165306976,udt10028-udt18862xx
1.0284911384358428,udt18862
1.0284914529399896,udt10026-udt18862xx
1.028491931954959,udt18487
1.028494470147461,udt18487-udt19193x
1.0284959880614708,udt20760
1.0284961067354639,udt10026-udt18862x
1.0284964171107067,udt10026
1.0284965461826518,udt20760-udt2248x
1.0284968083457173,udt10026-udt20164x
1.0284977804607704,udt10026-udt20164xx
1.0284981710078112,udt20164
1.0284986301539825,udt19823-udt20164xx
1.0285020729088135,udt19823-udt20164x
1.0285025299902024,udt19823
1.0285029770332281,udt19393-udt19823xx
1.028504779092139,udt20760-udt2248xx
1.0285053332388385,udt2248
1.028506324857688,udt19393-udt19823x
1.0285067698361654,udt19393
1.0285073776868716,udt19393-udt245x
1.0285088971292724,udt19393-udt245xx
1.028509504291914,udt245
1.0285101410048274,udt230-udt245xx
1.028511957401694,udt18487-udt19193xx
1.028514493842871,udt19193
1.0285170577291236,udt19193-udt247x
1.0285196074891163,udt230-udt245x
1.028520240074082,udt230
1.0285209577935752,udt17920-udt230xx
1.0285229518184758,udt19193-udt247xx
1.0285255151324808,udt247
1.0285281692655344,udt234-udt247xx
1.0285350283250911,udt17920-udt230x
1.0285357406031306,udt17920
1.028536670209444,udt17920-udt19361x
1.0285387980753669,p1ulv4895
1.0285412318928,udt17920-udt19361xx
1.02854216014482,udt19361
1.028543096828253,udt19361-udt235x
1.0285462915137453,udt19377lv
1.0285568496490989,udt19361-udt235xx
1.0285574503029578,udt18538
1.0285577822707657,udt235
1.0285587364260855,udt234-udt247x
1.0285587875895879,udt17035-udt235xx
1.028561387641462,udt234
1.0285621471553776,udt19092lv
1.028563693047545,udt17035-udt235x
1.0285641159168248,udt15819-udt234xx
1.0285646970124669,udt17035
1.0285657163066733,udt15505-udt17035xx
1.028569408980392,udt2242lv
1.0285704015466854,udt15819-udt234x
1.0285719425791509,udt18538-udt2248x
1.0285731292498164,udt15819
1.0285759462290525,udt15819-udt233x
1.0285781126719515,udt15505-udt17035x
1.0285789877242932,udt20671
1.0285790500247256,udt15505-udt20671xx
1.0285790663529684,udt15505-udt20671x
1.028579128583447,udt15505
1.0285801756568704,udt15596
1.028580212889841,udt15505-udt15773x
1.0285803639847542,udt15596-udt18855x
1.028582938003886,udt15596-udt18855xx
1.028583122602361,udt18855
1.028583311531732,udt15773-udt18855xx
1.0285881487649962,udt15505-udt15773xx
1.0285890505848103,udt15773-udt18855x
1.0285892310416191,udt15773
1.0285892328984998,udt15773-udt19640x
1.0285892340092542,udt15773-udt19640xx
1.0285892357961826,udt19640
1.0285905992459707,udt15773-udt233x
1.0286023478565942,udt20791lv
1.0286029325174741,p1ulv60816
1.0286111703961125,p1ulv54204
1.0286228354743665,udt15819-udt233xx
1.028624286845132,udt15773-udt233xx
1.0286256482394915,udt233
1.028629941222987,udt233-udt239x
1.028637417537073,udt17892
1.028649682789269,p1ulv55162
1.0286968305009605,udt20135-udt20842x
1.028700327469257,udt20842
1.0287076736531526,udt20732
1.02871142862934,udm58261
1.028712997189827,udm58617
1.0287163410660274,udt17002
1.028720226441469,udt18574
1.0287239499097118,udt233-udt239xx
1.0287282374730482,udt239
1.0287325325032224,udt239-udt250x
1.0287429918284676,udt239-udt250xx
1.0287472862717626,udt250
1.0287497725181396,udt1768lv
1.0287502132273327,udt20368
1.0287507756562553,udt20470
1.0287515977823831,udt2246-udt250xx
1.028753342398416,udt17583
1.0287581253022355,udt17583-udt20592x
1.028783176002939,udt19805
1.0287869792787676,udt18510lv
1.02878797653097,p1ulv48429
1.028790013623993,udt19791
1.0288029380306163,udt17214
1.0288077323972464,udt240
1.0288132225842392,udt19946
1.0288287758873425,udt20534
1.0288307460005253,udt19986lv
1.028832654588984,udt2246-udt250x
1.0288335462015183,udt18900
1.0288369614502733,udt2246
1.0288373443982506,p1ulv3724
1.0288406918827047,udt2246-udt2252x
1.0288436993344694,udt19084
1.0288495900402952,udt17583-udt20592xx
1.0288497197405124,udt17920-udt240x
1.0288543769506888,udt20592
1.0288568777139704,udt18162-udt20592xx
1.0288583891916954,udm57123
1.0288588613981111,p1ulv54080
1.0288597811264992,p1ulv60814
1.0288635595223612,udt20363lv
1.0288712297861733,p1ulv3725
1.0288764207966092,udt17528
1.0288804139663983,udt18505
1.0288804242647414,udt18505-udt2365x
1.028880506506149,udt18505-udt2365xx
1.0288805144351045,udt2365
1.028886416192185,udt16952
1.0288864163694322,udt15596-udt16952xxx
1.028888612083618,udt15940-udt2365x
1.0288886121177638,udt15940
1.0288911343991718,udt15596-udt16952xx
1.0288911345746503,udt15596-udt16952x
1.0288913733342036,udt18162-udt20592x
1.0288938724820456,udt18162
1.0288944524555454,udt2246-udt2252xx
1.0288944847608723,udm58616
1.0288947731815077,udt19158
1.0288962213830823,udt17611-udt18162xx
1.0288981794436276,udt2252
1.028901771157888,udt20572-udt2252xx
1.0289153888935412,udt20116
1.028919131518693,udm48470
1.028923447851781,p1ulv54983
1.0289414601320874,p1ulv52764
1.0289500010270687,udt20572-udt2252x
1.0289535897141981,udt20572
1.0289569083403631,udt15371-udt20572xx
1.0289650857499153,udt2241
1.0289651135381854,udt20608-udt2241x
1.0289664991695882,udt2238-udt2241xx
1.0289712866416485,p1ulv51924
1.0289832321308623,udt15371-udt20572x
1.028986549014587,udt15371
1.0289908747952363,udt2238-udt2241x
1.0289922835661554,udt2238
1.0289937044695956,udt2238-udt2240x
1.0289951927108658,udt17611-udt18162x
1.0289972074629785,udt2238-udt2240xx
1.0289975363694734,udt17611
1.0289986277031293,udt2240
1.0289990434140976,udt16592-udt2240xx
1.0290003438739947,udt17611-udt18032x
1.0290015636865988,udt16592-udt2240x
1.0290019774213433,udt16592
1.0290024752140887,udt16592-udt2235x
1.0290033716053164,udt2249
1.0290050177213284,udt20516-udt2249xx
1.029005828099867,p1ulv57425
1.0290117294738175,udt16592-udt2235xx
1.0290122213493271,udt2235
1.029012893394417,udt2235-udt2245x
1.0290131684585766,udt17611-udt18032xx
1.0290159754636854,udt18032
1.0290192825464877,udt18032-udt18881x
1.0290209609463443,p1ulv51293
1.0290210612635586,udt3037
1.029021078203039,udt18510-udt3037xx
1.029021139516976,udt2245-udt3037xx
1.0290213982897949,udt18510-udt3037x
1.0290214101189068,udt18510
1.0290229150501757,udt2235-udt2245xx
1.0290235133376653,udt2245-udt3037x
1.029023582550751,udt2245
1.0290243865955446,udt2234-udt2245xx
1.0290296556634109,udt2234-udt2245x
1.0290304577625495,udt2234
1.0290308289962213,udt20516-udt2249x
1.0290313652536234,udt2234-udt3034x
1.0290324712405372,udt20516
1.0290333750330385,udt2234-udt3034xx
1.029033665481878,udt17690-udt20516xx
1.0290342818777074,udt3034
1.0290352701755803,udt2239-udt3034xx
1.029044027251645,udt2239-udt3034x
1.0290450129796842,udt2239
1.029045993920809,udt19986-udt2239xx
1.0290492210408078,udt17690-udt20516x
1.0290502092592169,udt19986-udt2239x
1.029050412025849,udt17690
1.029050678738656,udt17639
1.0290507313360864,udt15557-udt17639xx
1.0290511889542449,udt19986
1.0290514298446558,udt17690-udt18402x
1.0290514318350157,udt15557-udt17639x
1.0290514805757696,udt15557
1.029051559144232,udt15557-udt3024x
1.0290517086858368,udt17690-udt18402xx
1.0290521568260305,udt19986-udt2242x
1.0290526206523412,udt15557-udt3024xx
1.0290526953681816,udt3024
1.0290527264368379,udt18402
1.0290528611370482,udt2242-udt3024xx
1.0290578902066712,udt19986-udt2242xx
1.029058700481598,udt2242-udt3024x
1.029058856353268,udt2242
1.0290599815837598,udt19056-udt2242xx
1.0290638913062764,udt19056-udt2242x
1.0290646843817497,p1ulv51414
1.0290650155388212,udt19056
1.0290662129661723,udt19056-udt2237x
1.029070879179386,udt19056-udt2237xx
1.0290720754921023,udt2237
1.0290733483142736,udt15732-udt2237xx
1.0290901162515935,udt18032-udt18881xx
1.0290904777987426,udt15732-udt2237x
1.0290917467838934,udt15732
1.0290921959617352,udt20277
1.0290934207216866,udt18881
1.0290956913424374,p1ulv55676
1.0290967469176542,udt18079-udt18881xx
1.0291497989808074,udt2250
1.0291498128164613,udt15371-udt2250x
1.0291503363998624,udm48472
1.0291595456742728,p1ulv59630
1.0291674299867146,udt19112
1.029170806841466,udt18079-udt18881x
1.0291741303176236,udt18079
1.0291752054547436,udt17450-udt18079xx
1.0291769012289436,udt18079-udt18829x
1.029188063372213,udt17450-udt18079x
1.0291883485082036,udt19042
1.0291891367194974,udt17450
1.0292040350060294,udm48473
1.0292041467707576,p1ulv372
1.0292115646465785,p1ulv52473
1.029230039149785,udt18079-udt18829xx
1.0292324190176039,p1ulv54568
1.0292328058810998,udt18829
1.0292329898507449,p1ulv4901
1.029235610788631,udt18829-udt19478x
1.0292452030225672,udm55759
1.0292489370679347,udt15773lv
1.0292676606413522,udt19629
1.0292691073106157,udt20808
1.0292825895128634,udt18917
1.0292825999488924,udt15776
1.0292826381272198,udt15979
1.0292854113443715,udt20485
1.0292913876522543,udt19544
1.0292977355714603,udt18829-udt19478xx
1.0292978618428172,udt15682
1.0292979806142253,udt15682-udt19478x
1.029299104205882,udt19478lv
1.029300424466845,udt15682-udt19478xx
1.0293004831368575,udt15462-udt19478xx
1.0293005356361704,udt19478
1.0293013535809545,udt20215
1.029301746121889,udt20215-udt20485x
1.0293021354098928,udt20215-udt20740x
1.029305946412565,udt20215-udt20740xx
1.0293062241995534,udt15462-udt257x
1.0293064861732664,udt15462
1.0293065421929644,udt15462-udt19478x
1.0293066537999735,udt15462-udt19907x
1.0293067059591117,udt15462-udt19907xx
1.0293067265057887,udt20740
1.0293068735163986,udt19907
1.0293072570894284,udt20740-udt257x
1.0293078521819472,udt20740-udt257xx
1.0293083822013909,udt257
1.0293086508580853,udt15462-udt257xx
1.0293087073224028,udt19377-udt257xx
1.0293088056140451,udt19377-udt257x
1.0293091306665854,udt19377
1.0293156852735517,p1ulv56774
1.029326851790311,udm8961
1.029373627908544,p1ulv4891
1.0294186895944928,udt2238lv
1.0294303573358534,udt19307lv
1.0295932750669414,udt10025lv
1.02965130772122,p1ulv53301
1.029664089221995,p1ulv24291
1.0297329011843512,udt16311lv
1.0297858054195332,p1ulv52877
1.0297935815113903,udt18487lv
1.029861101156496,udt20368-uhs5_1247x_b1_1
1.0298744293123192,udt20368-uhs5_1247x_b2_1
1.0298913711277404,udt229
1.029896664143625,p1ulv52216
1.0299102708094403,udm50157
1.0299139111169133,udt19092
1.0299139190145237,udt15640
1.0299239643974485,udt10481lv
1.0299310579815195,udt19232
1.0299447318691877,p1ulv55594
1.029948428731731,udt241
1.0299541538707593,udm8959
1.0299736358518639,p1ulv43595
1.029990114557703,udt250lv
1.0299905054109215,udt20760-udt20791x
1.0299905060815646,udt20760-udt20791xx
1.0300001325184203,udt20368-uhs5_1247x
1.0300012729855863,udt20760-udt20791xxx
1.0300012736551636,udt20791
1.0300295511232618,udt19206
1.0300296646047642,udt226
1.0300306582258096,p1ulv48683
1.030031470265175,p1ulv41550
1.0300358997639263,udm51427
1.0300521905339606,udt20363
1.0300543570232112,udm35897
1.0300623484599183,p1ulv51813
1.0301074363341696,p1ulv381
1.030122360692461,udt19112-udt20363x
1.0301343818999578,udt238lv
1.0301694543792335,udm51428
1.0301813774683493,p1ulv58739
1.0302291044465468,udt19056lv
1.0303005905913651,udt20484lv
1.0303371369186665,p1ulv59919
1.0304061039402046,udt17690-udt19169x
1.0304061048062894,udt17690-udt19169xx
1.0304068836739984,udt17690-udt19169xxx
1.030406884540023,udt19169
1.0305152450387887,udt18054lv
1.0305373248007184,udt20073lv
1.0305919631920228,udm54839
1.030652650512288,udm8963
1.0306527657248301,udt2239lv
1.0306528826716992,p1ulv4903
1.0306541534314593,p1ulv57698
1.030695243565477,p1ulv4899
1.0307216162094204,udt17478
1.0307324356351102,udt17478-udt2241x
1.0307529047067703,udm933
1.0308626680759745,udm35896
1.0308681051996675,udm8964
1.0308839233832274,p1ulv55503
1.0309345559417222,udt16629
1.0309412164409784,udt19375
1.030944732413111,udt20484
1.0309620466126013,udt18538-udt20766x
1.030965896659418,udt218
1.0309658973543738,udt15456-udt218xx
1.0309735900639898,udt19851
1.03097791322146,udt20766
1.0309853862352647,udt15456-udt218x
1.030985386928408,udt15456
1.0309853881191284,udt15456-udt221x
1.0310511576590133,udt20064
1.0310587209150581,udt19717
1.0310664657961972,udt19691
1.031066466276186,udt15939-udt19691xx
1.031072108096775,p1ulv57668
1.0310838049119113,udt15939-udt19691x
1.0310838053895222,udt15939
1.031083806119662,udt15939-udt19850x
1.031100607330183,p1ulv55232
1.0311169087486767,udt19748lv
1.0311234084820957,udt15939-udt19850xx
1.0311234092086707,udt19850
1.0311234100798226,udt19850-udt221x
1.0311626421629227,udt15456-udt221xx
1.0311626424757079,udt19850-udt221xx
1.0311626433439094,udt221
1.0311626455798582,udt20564-udt221xxx
1.031185686166914,udt18162lv
1.0312114415097358,p1ulv4897
1.031262541653243,udt20564-udt221xx
1.0312625438862824,udt20564-udt221x
1.031264518392586,udm54836
1.0313085686205448,udt20651lv
1.031345279096017,p1ulv57991
1.0313817633163458,p1ulv3737
1.031432280571658,udt1774lv
1.0314701669993172,udt10489lv
1.0314908147884811,p1ulv46992
1.0315496138573268,udt1768
1.031549614084439,udt1767-udt1768xx
1.03155139496443,udt1767-udt1768x
1.0315513951910316,udt1767
1.031551395898375,udt1765-udt1767xx
1.0315679079998714,udt1765-udt1767x
1.0315679087056855,udt1765
1.031567910076163,udt1765-udt1766x
1.031609167978742,udt1765-udt1766xx
1.0316091693472331,udt1766
1.0316091709511643,udt1766-udt20340x
1.0316139784496465,p1ulv53436
1.0316666784637776,udt1766-udt20340xx
1.0316666800653442,udt1766-udt20340xxx
1.0316920315118034,p1ulv24298
1.0317167718653073,p1ulv59220
1.0317427393339886,p1ulv3736
1.031799193888867,udm6997
1.0318473172879548,p1ulv4892
1.0319139230481351,udm931
1.0319393409959596,udt20368lv
1.0320126740191684,udt18881lv
1.0321101425928056,udt20740lv
1.0322028734082827,udt10020
1.0322065679949,udm56522
1.0322085433054007,udt10021
1.032214646963129,udt19307
1.0322229253871347,udt16311
1.0322229359497221,udt10481
1.032242057283492,udt10489
1.0322468045192899,p1ulv57171
1.0322885378998408,udt10025
1.0322885387233995,udt10019-udt10025xxx
1.0322940105734804,udt19169lv
1.0322998802752394,udm56521
1.0323193505431425,udt10019-udt10025xx
1.0323193513642648,udt10019-udt10025x
1.0323522847926474,udt20739lv
1.032423682963199,p1ulv55565
1.0324243137371025,p1ulv49899
1.0324459710298486,udm56520
1.032449439064595,udt20277lv
1.0325696696553415,udm51431
1.0326088258199362,p1ulv24303
1.0326626298327826,p1ulv58827
1.0328698549320918,udt1771lv
1.0329379362440703,udt17892lv
1.0329466323609677,p1ulv50161
1.0329929916095073,udt18900lv
1.0330321475532818,udt2250lv
1.0331003055798167,p1ulv60029
1.0331947185787462,udm56393
1.033305069083557,udt19245
1.0333053286140423,udt19245-udt255x
1.0333448602681468,p1ulv50234
1.0333565087252006,p1ulv390
1.0335732732888714,p1ulv57429
1.0336018238415592,p1ulv46250
1.0336566402174587,udt20766lv
1.033718883328472,udm56394
1.0337441472214166,p1ulv46680
1.0338523899133913,udt18829lv
1.0340309962632999,udt255lv
1.0341978219151797,udm6994
1.0342329177436442,udm862
1.0342397854633119,udt1771-udt20592xxx
1.0342397931875968,udt1771-udt20592xx
1.0342522855973773,udt20450lv
1.0345217086268252,udt259lv
1.0345316522575054,p1ulv395
1.034547103054791,p1ulv400
1.034633320158678,udt1771-udt20592x
1.03463332789981,udt1771
1.0346333336820017,udt1771-udt238x
1.0348143106512704,udm886
1.0348273600400004,p1ulv57759
1.0348660565293615,udm904
1.0349425732268276,udt18054
1.0349425733406918,udt18054-udt20739x
1.0349457416525798,udt18054-udt20739xx
1.0349457417646366,udt20739
1.0349457419888959,udt20739-udt238x
1.034967297027426,udt1771-udt238xx
1.0349673026033426,udt20739-udt238xx
1.0349673028212092,udt238
1.0349673073638483,udt232-udt238xx
1.0349922839424854,udm7002
1.0350843643103513,udt232-udt238x
1.0350843688547986,udt232
1.0350843723481058,udt1774-udt232xx
1.0351117718689593,udt1774-udt232x
1.0351117753625587,udt1774
1.0351117782765573,udt1770-udt1774xx
1.0351346791068063,udt1770-udt1774x
1.0351346820208012,udt1770
1.0352075342454166,udt232lv
1.0353442360651466,udt17689lv
1.035452705941832,udm54072
1.0354595976470833,udm54070
1.0355596374070564,p1ulv41352
1.035575122956241,p1ulv45281
1.035583332145049,p1ulv54688
1.035614085023492,udm884
1.035683422141511,p1ulv371
1.0358267825157286,udt20572lv
1.0358889544454608,p1ulv362
1.0359323180233047,p1ulv370
1.0359860019540514,p1ulv39623
1.0361433624029799,p1ulv58647
1.036258917250939,udt17689-udt19042x
1.0362793231127065,udt17689
1.0367733767523466,p1ulv48055
1.0369046028253672,udt19158lv
1.0371130627185219,udt2240lv
1.0371829828331989,udt20516lv
1.0373377226324487,udt18402lv
1.0375772199222053,p1ulv51550
1.0379790234670891,udm54071
1.0381737566781073,p1ulv58344
1.0392409923584924,udm7003
1.0393900256770783,p1ulv51621
1.0399928398148146,p1ulv59923
1.0404967898372317,udm8986
1.0413441724966244,udm53602
1.0420090451749224,p1ulv4893
1.042211646159424,udt2246lv
1.042489194501892,p1ulv54144
1.042828604864726,udm7004
1.0441533304236177,udm53601
1.0447592343767094,p1ulv51925
1.0452869988437155,p1ulv57889
1.0453501931501912,p1ulv4908
1.0462710679512157,udm6999
1.0469917307954528,udt19143lv
1.0476966183877314,p1ulv51477
1.0481570781471432,p1ulv42152
1.0482543568775298,udm8966
1.048274507102008,udm59216
1.048279733720472,p1ulv53892
1.0483636414427675,p1ulv56610
1.0496084657592033,p1ulv51622
1.0501726867475698,p1ulv3761
1.0532061187682786,p1ulv60214
1.0535736261956612,p1ulv3744
1.0543199150483828,p1ulv3748
1.0543562951346297,p1ulv58239
1.0551907066916764,p1ulv60407
1.0561191935293461,p1ulv3738
1.0578877241935871,p1ulv3763
1.0585063485585753,p1ulv4911
1.058559443548297,udt2249lv
1.059183328555416,p1ulv3757
1.061535804510542,p1ulv4912
1.061903569340282,p1ulv45218
1.0627633981093472,udm8994
1.0628577122206577,p1ulv3746
1.0630583717814415,p1ulv3739
1.0653075665455467,p1ulv3743
1.0676707576329867,p1ulv3741
1.0677626183868945,p1ulv4894
1.0678129851031342,p1ulv56710
1.0742825968424334,p1ulv48492
1.0743201925911081,udm8990
1.0750369316434418,p1ulv3753
1.078658176713299,p1ulv56153
1.0809914514078094,p1ulv56839
1.0875371378522174,p1ulv43700
1.092398585319899,p1ulv3742
1.1050556745803921,p1ulv3754
1.1082576983841332,p1ulv3750
1.1098697282799752,p1ulv3751
