Time,CENTRAL SYSTEM_UNIT1_FRONTROW_BOTTOMFLOOR:DesPer 1:Des Heat Mass Flow [kg/s],CENTRAL SYSTEM_UNIT1_FRONTROW_BOTTOMFLOOR:DesPer 1:Des Heat Cap [W],CENTRAL SYSTEM_UNIT1_FRONTROW_BOTTOMFLOOR:DesPer 1:Des Cool Mass Flow [kg/s],CENTRAL SYSTEM_UNIT1_FRONTROW_BOTTOMFLOOR:DesPer 1:Des Sens Cool Cap [W],CENTRAL SYSTEM_UNIT1_FRONTROW_BOTTOMFLOOR:DesPer 1:Des Tot Cool Cap [W],CENTRAL SYSTEM_UNIT1_FRONTROW_BOTTOMFLOOR:DesPer 2:Des Heat Mass Flow [kg/s],CENTRAL SYSTEM_UNIT1_FRONTROW_BOTTOMFLOOR:DesPer 2:Des Heat Cap [W],CENTRAL SYSTEM_UNIT1_FRONTROW_BOTTOMFLOOR:DesPer 2:Des Cool Mass Flow [kg/s],CENTRAL SYSTEM_UNIT1_FRONTROW_BOTTOMFLOOR:DesPer 2:Des Sens Cool Cap [W],CENTRAL SYSTEM_UNIT1_FRONTROW_BOTTOMFLOOR:DesPer 2:Des Tot Cool Cap [W],CENTRAL SYSTEM_UNIT2_FRONTROW_BOTTOMFLOOR:DesPer 1:Des Heat Mass Flow [kg/s],CENTRAL SYSTEM_UNIT2_FRONTROW_BOTTOMFLOOR:DesPer 1:Des Heat Cap [W],CENTRAL SYSTEM_UNIT2_FRONTROW_BOTTOMFLOOR:DesPer 1:Des Cool Mass Flow [kg/s],CENTRAL SYSTEM_UNIT2_FRONTROW_BOTTOMFLOOR:DesPer 1:Des Sens Cool Cap [W],CENTRAL SYSTEM_UNIT2_FRONTROW_BOTTOMFLOOR:DesPer 1:Des Tot Cool Cap [W],CENTRAL SYSTEM_UNIT2_FRONTROW_BOTTOMFLOOR:DesPer 2:Des Heat Mass Flow [kg/s],CENTRAL SYSTEM_UNIT2_FRONTROW_BOTTOMFLOOR:DesPer 2:Des Heat Cap [W],CENTRAL SYSTEM_UNIT2_FRONTROW_BOTTOMFLOOR:DesPer 2:Des Cool Mass Flow [kg/s],CENTRAL SYSTEM_UNIT2_FRONTROW_BOTTOMFLOOR:DesPer 2:Des Sens Cool Cap [W],CENTRAL SYSTEM_UNIT2_FRONTROW_BOTTOMFLOOR:DesPer 2:Des Tot Cool Cap [W],CENTRAL SYSTEM_UNIT3_FRONTROW_BOTTOMFLOOR:DesPer 1:Des Heat Mass Flow [kg/s],CENTRAL SYSTEM_UNIT3_FRONTROW_BOTTOMFLOOR:DesPer 1:Des Heat Cap [W],CENTRAL SYSTEM_UNIT3_FRONTROW_BOTTOMFLOOR:DesPer 1:Des Cool Mass Flow [kg/s],CENTRAL SYSTEM_UNIT3_FRONTROW_BOTTOMFLOOR:DesPer 1:Des Sens Cool Cap [W],CENTRAL SYSTEM_UNIT3_FRONTROW_BOTTOMFLOOR:DesPer 1:Des Tot Cool Cap [W],CENTRAL SYSTEM_UNIT3_FRONTROW_BOTTOMFLOOR:DesPer 2:Des Heat Mass Flow [kg/s],CENTRAL SYSTEM_UNIT3_FRONTROW_BOTTOMFLOOR:DesPer 2:Des Heat Cap [W],CENTRAL SYSTEM_UNIT3_FRONTROW_BOTTOMFLOOR:DesPer 2:Des Cool Mass Flow [kg/s],CENTRAL SYSTEM_UNIT3_FRONTROW_BOTTOMFLOOR:DesPer 2:Des Sens Cool Cap [W],CENTRAL SYSTEM_UNIT3_FRONTROW_BOTTOMFLOOR:DesPer 2:Des Tot Cool Cap [W],CENTRAL SYSTEM_UNIT1_BACKROW_BOTTOMFLOOR:DesPer 1:Des Heat Mass Flow [kg/s],CENTRAL SYSTEM_UNIT1_BACKROW_BOTTOMFLOOR:DesPer 1:Des Heat Cap [W],CENTRAL SYSTEM_UNIT1_BACKROW_BOTTOMFLOOR:DesPer 1:Des Cool Mass Flow [kg/s],CENTRAL SYSTEM_UNIT1_BACKROW_BOTTOMFLOOR:DesPer 1:Des Sens Cool Cap [W],CENTRAL SYSTEM_UNIT1_BACKROW_BOTTOMFLOOR:DesPer 1:Des Tot Cool Cap [W],CENTRAL SYSTEM_UNIT1_BACKROW_BOTTOMFLOOR:DesPer 2:Des Heat Mass Flow [kg/s],CENTRAL SYSTEM_UNIT1_BACKROW_BOTTOMFLOOR:DesPer 2:Des Heat Cap [W],CENTRAL SYSTEM_UNIT1_BACKROW_BOTTOMFLOOR:DesPer 2:Des Cool Mass Flow [kg/s],CENTRAL SYSTEM_UNIT1_BACKROW_BOTTOMFLOOR:DesPer 2:Des Sens Cool Cap [W],CENTRAL SYSTEM_UNIT1_BACKROW_BOTTOMFLOOR:DesPer 2:Des Tot Cool Cap [W],CENTRAL SYSTEM_UNIT2_BACKROW_BOTTOMFLOOR:DesPer 1:Des Heat Mass Flow [kg/s],CENTRAL SYSTEM_UNIT2_BACKROW_BOTTOMFLOOR:DesPer 1:Des Heat Cap [W],CENTRAL SYSTEM_UNIT2_BACKROW_BOTTOMFLOOR:DesPer 1:Des Cool Mass Flow [kg/s],CENTRAL SYSTEM_UNIT2_BACKROW_BOTTOMFLOOR:DesPer 1:Des Sens Cool Cap [W],CENTRAL SYSTEM_UNIT2_BACKROW_BOTTOMFLOOR:DesPer 1:Des Tot Cool Cap [W],CENTRAL SYSTEM_UNIT2_BACKROW_BOTTOMFLOOR:DesPer 2:Des Heat Mass Flow [kg/s],CENTRAL SYSTEM_UNIT2_BACKROW_BOTTOMFLOOR:DesPer 2:Des Heat Cap [W],CENTRAL SYSTEM_UNIT2_BACKROW_BOTTOMFLOOR:DesPer 2:Des Cool Mass Flow [kg/s],CENTRAL SYSTEM_UNIT2_BACKROW_BOTTOMFLOOR:DesPer 2:Des Sens Cool Cap [W],CENTRAL SYSTEM_UNIT2_BACKROW_BOTTOMFLOOR:DesPer 2:Des Tot Cool Cap [W],CENTRAL SYSTEM_UNIT3_BACKROW_BOTTOMFLOOR:DesPer 1:Des Heat Mass Flow [kg/s],CENTRAL SYSTEM_UNIT3_BACKROW_BOTTOMFLOOR:DesPer 1:Des Heat Cap [W],CENTRAL SYSTEM_UNIT3_BACKROW_BOTTOMFLOOR:DesPer 1:Des Cool Mass Flow [kg/s],CENTRAL SYSTEM_UNIT3_BACKROW_BOTTOMFLOOR:DesPer 1:Des Sens Cool Cap [W],CENTRAL SYSTEM_UNIT3_BACKROW_BOTTOMFLOOR:DesPer 1:Des Tot Cool Cap [W],CENTRAL SYSTEM_UNIT3_BACKROW_BOTTOMFLOOR:DesPer 2:Des Heat Mass Flow [kg/s],CENTRAL SYSTEM_UNIT3_BACKROW_BOTTOMFLOOR:DesPer 2:Des Heat Cap [W],CENTRAL SYSTEM_UNIT3_BACKROW_BOTTOMFLOOR:DesPer 2:Des Cool Mass Flow [kg/s],CENTRAL SYSTEM_UNIT3_BACKROW_BOTTOMFLOOR:DesPer 2:Des Sens Cool Cap [W],CENTRAL SYSTEM_UNIT3_BACKROW_BOTTOMFLOOR:DesPer 2:Des Tot Cool Cap [W],CENTRAL SYSTEM_UNIT1_FRONTROW_MIDDLEFLOOR:DesPer 1:Des Heat Mass Flow [kg/s],CENTRAL SYSTEM_UNIT1_FRONTROW_MIDDLEFLOOR:DesPer 1:Des Heat Cap [W],CENTRAL SYSTEM_UNIT1_FRONTROW_MIDDLEFLOOR:DesPer 1:Des Cool Mass Flow [kg/s],CENTRAL SYSTEM_UNIT1_FRONTROW_MIDDLEFLOOR:DesPer 1:Des Sens Cool Cap [W],CENTRAL SYSTEM_UNIT1_FRONTROW_MIDDLEFLOOR:DesPer 1:Des Tot Cool Cap [W],CENTRAL SYSTEM_UNIT1_FRONTROW_MIDDLEFLOOR:DesPer 2:Des Heat Mass Flow [kg/s],CENTRAL SYSTEM_UNIT1_FRONTROW_MIDDLEFLOOR:DesPer 2:Des Heat Cap [W],CENTRAL SYSTEM_UNIT1_FRONTROW_MIDDLEFLOOR:DesPer 2:Des Cool Mass Flow [kg/s],CENTRAL SYSTEM_UNIT1_FRONTROW_MIDDLEFLOOR:DesPer 2:Des Sens Cool Cap [W],CENTRAL SYSTEM_UNIT1_FRONTROW_MIDDLEFLOOR:DesPer 2:Des Tot Cool Cap [W],CENTRAL SYSTEM_UNIT2_FRONTROW_MIDDLEFLOOR:DesPer 1:Des Heat Mass Flow [kg/s],CENTRAL SYSTEM_UNIT2_FRONTROW_MIDDLEFLOOR:DesPer 1:Des Heat Cap [W],CENTRAL SYSTEM_UNIT2_FRONTROW_MIDDLEFLOOR:DesPer 1:Des Cool Mass Flow [kg/s],CENTRAL SYSTEM_UNIT2_FRONTROW_MIDDLEFLOOR:DesPer 1:Des Sens Cool Cap [W],CENTRAL SYSTEM_UNIT2_FRONTROW_MIDDLEFLOOR:DesPer 1:Des Tot Cool Cap [W],CENTRAL SYSTEM_UNIT2_FRONTROW_MIDDLEFLOOR:DesPer 2:Des Heat Mass Flow [kg/s],CENTRAL SYSTEM_UNIT2_FRONTROW_MIDDLEFLOOR:DesPer 2:Des Heat Cap [W],CENTRAL SYSTEM_UNIT2_FRONTROW_MIDDLEFLOOR:DesPer 2:Des Cool Mass Flow [kg/s],CENTRAL SYSTEM_UNIT2_FRONTROW_MIDDLEFLOOR:DesPer 2:Des Sens Cool Cap [W],CENTRAL SYSTEM_UNIT2_FRONTROW_MIDDLEFLOOR:DesPer 2:Des Tot Cool Cap [W],CENTRAL SYSTEM_UNIT3_FRONTROW_MIDDLEFLOOR:DesPer 1:Des Heat Mass Flow [kg/s],CENTRAL SYSTEM_UNIT3_FRONTROW_MIDDLEFLOOR:DesPer 1:Des Heat Cap [W],CENTRAL SYSTEM_UNIT3_FRONTROW_MIDDLEFLOOR:DesPer 1:Des Cool Mass Flow [kg/s],CENTRAL SYSTEM_UNIT3_FRONTROW_MIDDLEFLOOR:DesPer 1:Des Sens Cool Cap [W],CENTRAL SYSTEM_UNIT3_FRONTROW_MIDDLEFLOOR:DesPer 1:Des Tot Cool Cap [W],CENTRAL SYSTEM_UNIT3_FRONTROW_MIDDLEFLOOR:DesPer 2:Des Heat Mass Flow [kg/s],CENTRAL SYSTEM_UNIT3_FRONTROW_MIDDLEFLOOR:DesPer 2:Des Heat Cap [W],CENTRAL SYSTEM_UNIT3_FRONTROW_MIDDLEFLOOR:DesPer 2:Des Cool Mass Flow [kg/s],CENTRAL SYSTEM_UNIT3_FRONTROW_MIDDLEFLOOR:DesPer 2:Des Sens Cool Cap [W],CENTRAL SYSTEM_UNIT3_FRONTROW_MIDDLEFLOOR:DesPer 2:Des Tot Cool Cap [W],CENTRAL SYSTEM_UNIT1_BACKROW_MIDDLEFLOOR:DesPer 1:Des Heat Mass Flow [kg/s],CENTRAL SYSTEM_UNIT1_BACKROW_MIDDLEFLOOR:DesPer 1:Des Heat Cap [W],CENTRAL SYSTEM_UNIT1_BACKROW_MIDDLEFLOOR:DesPer 1:Des Cool Mass Flow [kg/s],CENTRAL SYSTEM_UNIT1_BACKROW_MIDDLEFLOOR:DesPer 1:Des Sens Cool Cap [W],CENTRAL SYSTEM_UNIT1_BACKROW_MIDDLEFLOOR:DesPer 1:Des Tot Cool Cap [W],CENTRAL SYSTEM_UNIT1_BACKROW_MIDDLEFLOOR:DesPer 2:Des Heat Mass Flow [kg/s],CENTRAL SYSTEM_UNIT1_BACKROW_MIDDLEFLOOR:DesPer 2:Des Heat Cap [W],CENTRAL SYSTEM_UNIT1_BACKROW_MIDDLEFLOOR:DesPer 2:Des Cool Mass Flow [kg/s],CENTRAL SYSTEM_UNIT1_BACKROW_MIDDLEFLOOR:DesPer 2:Des Sens Cool Cap [W],CENTRAL SYSTEM_UNIT1_BACKROW_MIDDLEFLOOR:DesPer 2:Des Tot Cool Cap [W],CENTRAL SYSTEM_UNIT2_BACKROW_MIDDLEFLOOR:DesPer 1:Des Heat Mass Flow [kg/s],CENTRAL SYSTEM_UNIT2_BACKROW_MIDDLEFLOOR:DesPer 1:Des Heat Cap [W],CENTRAL SYSTEM_UNIT2_BACKROW_MIDDLEFLOOR:DesPer 1:Des Cool Mass Flow [kg/s],CENTRAL SYSTEM_UNIT2_BACKROW_MIDDLEFLOOR:DesPer 1:Des Sens Cool Cap [W],CENTRAL SYSTEM_UNIT2_BACKROW_MIDDLEFLOOR:DesPer 1:Des Tot Cool Cap [W],CENTRAL SYSTEM_UNIT2_BACKROW_MIDDLEFLOOR:DesPer 2:Des Heat Mass Flow [kg/s],CENTRAL SYSTEM_UNIT2_BACKROW_MIDDLEFLOOR:DesPer 2:Des Heat Cap [W],CENTRAL SYSTEM_UNIT2_BACKROW_MIDDLEFLOOR:DesPer 2:Des Cool Mass Flow [kg/s],CENTRAL SYSTEM_UNIT2_BACKROW_MIDDLEFLOOR:DesPer 2:Des Sens Cool Cap [W],CENTRAL SYSTEM_UNIT2_BACKROW_MIDDLEFLOOR:DesPer 2:Des Tot Cool Cap [W],CENTRAL SYSTEM_UNIT3_BACKROW_MIDDLEFLOOR:DesPer 1:Des Heat Mass Flow [kg/s],CENTRAL SYSTEM_UNIT3_BACKROW_MIDDLEFLOOR:DesPer 1:Des Heat Cap [W],CENTRAL SYSTEM_UNIT3_BACKROW_MIDDLEFLOOR:DesPer 1:Des Cool Mass Flow [kg/s],CENTRAL SYSTEM_UNIT3_BACKROW_MIDDLEFLOOR:DesPer 1:Des Sens Cool Cap [W],CENTRAL SYSTEM_UNIT3_BACKROW_MIDDLEFLOOR:DesPer 1:Des Tot Cool Cap [W],CENTRAL SYSTEM_UNIT3_BACKROW_MIDDLEFLOOR:DesPer 2:Des Heat Mass Flow [kg/s],CENTRAL SYSTEM_UNIT3_BACKROW_MIDDLEFLOOR:DesPer 2:Des Heat Cap [W],CENTRAL SYSTEM_UNIT3_BACKROW_MIDDLEFLOOR:DesPer 2:Des Cool Mass Flow [kg/s],CENTRAL SYSTEM_UNIT3_BACKROW_MIDDLEFLOOR:DesPer 2:Des Sens Cool Cap [W],CENTRAL SYSTEM_UNIT3_BACKROW_MIDDLEFLOOR:DesPer 2:Des Tot Cool Cap [W],CENTRAL SYSTEM_UNIT1_FRONTROW_TOPFLOOR:DesPer 1:Des Heat Mass Flow [kg/s],CENTRAL SYSTEM_UNIT1_FRONTROW_TOPFLOOR:DesPer 1:Des Heat Cap [W],CENTRAL SYSTEM_UNIT1_FRONTROW_TOPFLOOR:DesPer 1:Des Cool Mass Flow [kg/s],CENTRAL SYSTEM_UNIT1_FRONTROW_TOPFLOOR:DesPer 1:Des Sens Cool Cap [W],CENTRAL SYSTEM_UNIT1_FRONTROW_TOPFLOOR:DesPer 1:Des Tot Cool Cap [W],CENTRAL SYSTEM_UNIT1_FRONTROW_TOPFLOOR:DesPer 2:Des Heat Mass Flow [kg/s],CENTRAL SYSTEM_UNIT1_FRONTROW_TOPFLOOR:DesPer 2:Des Heat Cap [W],CENTRAL SYSTEM_UNIT1_FRONTROW_TOPFLOOR:DesPer 2:Des Cool Mass Flow [kg/s],CENTRAL SYSTEM_UNIT1_FRONTROW_TOPFLOOR:DesPer 2:Des Sens Cool Cap [W],CENTRAL SYSTEM_UNIT1_FRONTROW_TOPFLOOR:DesPer 2:Des Tot Cool Cap [W],CENTRAL SYSTEM_UNIT2_FRONTROW_TOPFLOOR:DesPer 1:Des Heat Mass Flow [kg/s],CENTRAL SYSTEM_UNIT2_FRONTROW_TOPFLOOR:DesPer 1:Des Heat Cap [W],CENTRAL SYSTEM_UNIT2_FRONTROW_TOPFLOOR:DesPer 1:Des Cool Mass Flow [kg/s],CENTRAL SYSTEM_UNIT2_FRONTROW_TOPFLOOR:DesPer 1:Des Sens Cool Cap [W],CENTRAL SYSTEM_UNIT2_FRONTROW_TOPFLOOR:DesPer 1:Des Tot Cool Cap [W],CENTRAL SYSTEM_UNIT2_FRONTROW_TOPFLOOR:DesPer 2:Des Heat Mass Flow [kg/s],CENTRAL SYSTEM_UNIT2_FRONTROW_TOPFLOOR:DesPer 2:Des Heat Cap [W],CENTRAL SYSTEM_UNIT2_FRONTROW_TOPFLOOR:DesPer 2:Des Cool Mass Flow [kg/s],CENTRAL SYSTEM_UNIT2_FRONTROW_TOPFLOOR:DesPer 2:Des Sens Cool Cap [W],CENTRAL SYSTEM_UNIT2_FRONTROW_TOPFLOOR:DesPer 2:Des Tot Cool Cap [W],CENTRAL SYSTEM_UNIT3_FRONTROW_TOPFLOOR:DesPer 1:Des Heat Mass Flow [kg/s],CENTRAL SYSTEM_UNIT3_FRONTROW_TOPFLOOR:DesPer 1:Des Heat Cap [W],CENTRAL SYSTEM_UNIT3_FRONTROW_TOPFLOOR:DesPer 1:Des Cool Mass Flow [kg/s],CENTRAL SYSTEM_UNIT3_FRONTROW_TOPFLOOR:DesPer 1:Des Sens Cool Cap [W],CENTRAL SYSTEM_UNIT3_FRONTROW_TOPFLOOR:DesPer 1:Des Tot Cool Cap [W],CENTRAL SYSTEM_UNIT3_FRONTROW_TOPFLOOR:DesPer 2:Des Heat Mass Flow [kg/s],CENTRAL SYSTEM_UNIT3_FRONTROW_TOPFLOOR:DesPer 2:Des Heat Cap [W],CENTRAL SYSTEM_UNIT3_FRONTROW_TOPFLOOR:DesPer 2:Des Cool Mass Flow [kg/s],CENTRAL SYSTEM_UNIT3_FRONTROW_TOPFLOOR:DesPer 2:Des Sens Cool Cap [W],CENTRAL SYSTEM_UNIT3_FRONTROW_TOPFLOOR:DesPer 2:Des Tot Cool Cap [W],CENTRAL SYSTEM_UNIT1_BACKROW_TOPFLOOR:DesPer 1:Des Heat Mass Flow [kg/s],CENTRAL SYSTEM_UNIT1_BACKROW_TOPFLOOR:DesPer 1:Des Heat Cap [W],CENTRAL SYSTEM_UNIT1_BACKROW_TOPFLOOR:DesPer 1:Des Cool Mass Flow [kg/s],CENTRAL SYSTEM_UNIT1_BACKROW_TOPFLOOR:DesPer 1:Des Sens Cool Cap [W],CENTRAL SYSTEM_UNIT1_BACKROW_TOPFLOOR:DesPer 1:Des Tot Cool Cap [W],CENTRAL SYSTEM_UNIT1_BACKROW_TOPFLOOR:DesPer 2:Des Heat Mass Flow [kg/s],CENTRAL SYSTEM_UNIT1_BACKROW_TOPFLOOR:DesPer 2:Des Heat Cap [W],CENTRAL SYSTEM_UNIT1_BACKROW_TOPFLOOR:DesPer 2:Des Cool Mass Flow [kg/s],CENTRAL SYSTEM_UNIT1_BACKROW_TOPFLOOR:DesPer 2:Des Sens Cool Cap [W],CENTRAL SYSTEM_UNIT1_BACKROW_TOPFLOOR:DesPer 2:Des Tot Cool Cap [W],CENTRAL SYSTEM_UNIT2_BACKROW_TOPFLOOR:DesPer 1:Des Heat Mass Flow [kg/s],CENTRAL SYSTEM_UNIT2_BACKROW_TOPFLOOR:DesPer 1:Des Heat Cap [W],CENTRAL SYSTEM_UNIT2_BACKROW_TOPFLOOR:DesPer 1:Des Cool Mass Flow [kg/s],CENTRAL SYSTEM_UNIT2_BACKROW_TOPFLOOR:DesPer 1:Des Sens Cool Cap [W],CENTRAL SYSTEM_UNIT2_BACKROW_TOPFLOOR:DesPer 1:Des Tot Cool Cap [W],CENTRAL SYSTEM_UNIT2_BACKROW_TOPFLOOR:DesPer 2:Des Heat Mass Flow [kg/s],CENTRAL SYSTEM_UNIT2_BACKROW_TOPFLOOR:DesPer 2:Des Heat Cap [W],CENTRAL SYSTEM_UNIT2_BACKROW_TOPFLOOR:DesPer 2:Des Cool Mass Flow [kg/s],CENTRAL SYSTEM_UNIT2_BACKROW_TOPFLOOR:DesPer 2:Des Sens Cool Cap [W],CENTRAL SYSTEM_UNIT2_BACKROW_TOPFLOOR:DesPer 2:Des Tot Cool Cap [W],CENTRAL SYSTEM_UNIT3_BACKROW_TOPFLOOR:DesPer 1:Des Heat Mass Flow [kg/s],CENTRAL SYSTEM_UNIT3_BACKROW_TOPFLOOR:DesPer 1:Des Heat Cap [W],CENTRAL SYSTEM_UNIT3_BACKROW_TOPFLOOR:DesPer 1:Des Cool Mass Flow [kg/s],CENTRAL SYSTEM_UNIT3_BACKROW_TOPFLOOR:DesPer 1:Des Sens Cool Cap [W],CENTRAL SYSTEM_UNIT3_BACKROW_TOPFLOOR:DesPer 1:Des Tot Cool Cap [W],CENTRAL SYSTEM_UNIT3_BACKROW_TOPFLOOR:DesPer 2:Des Heat Mass Flow [kg/s],CENTRAL SYSTEM_UNIT3_BACKROW_TOPFLOOR:DesPer 2:Des Heat Cap [W],CENTRAL SYSTEM_UNIT3_BACKROW_TOPFLOOR:DesPer 2:Des Cool Mass Flow [kg/s],CENTRAL SYSTEM_UNIT3_BACKROW_TOPFLOOR:DesPer 2:Des Sens Cool Cap [W],CENTRAL SYSTEM_UNIT3_BACKROW_TOPFLOOR:DesPer 2:Des Tot Cool Cap [W]
01:00:00,1.097361E-01,4.478740E+03,2.530072E-02,0.000000E+00,0.000000E+00,2.530072E-02,7.833534E+02,1.169574E-01,1.103718E+03,1.589879E+03,7.716946E-02,3.562200E+03,2.530072E-02,0.000000E+00,0.000000E+00,2.530072E-02,7.833534E+02,1.096067E-01,1.029836E+03,1.521165E+03,1.098135E-01,4.480919E+03,2.530072E-02,0.000000E+00,0.000000E+00,2.530072E-02,7.833534E+02,1.047987E-01,9.815252E+02,1.468815E+03,1.097685E-01,4.479652E+03,2.530072E-02,0.000000E+00,0.000000E+00,2.530072E-02,7.833534E+02,1.149712E-01,1.083758E+03,1.569102E+03,7.717459E-02,3.562344E+03,2.530072E-02,0.000000E+00,0.000000E+00,2.530072E-02,7.833534E+02,1.075647E-01,1.009313E+03,1.502707E+03,1.097924E-01,4.480324E+03,2.530072E-02,0.000000E+00,0.000000E+00,2.530072E-02,7.833534E+02,1.030127E-01,9.635757E+02,1.451315E+03,7.444915E-02,3.485435E+03,2.530072E-02,0.000000E+00,0.000000E+00,2.530072E-02,7.833534E+02,1.337218E-01,1.272209E+03,1.740181E+03,4.212880E-02,2.576010E+03,2.530072E-02,0.000000E+00,0.000000E+00,2.530072E-02,7.833534E+02,1.245686E-01,1.180207E+03,1.651962E+03,7.445831E-02,3.485692E+03,2.530072E-02,0.000000E+00,0.000000E+00,2.530072E-02,7.833534E+02,1.197663E-01,1.131949E+03,1.602963E+03,7.446594E-02,3.485907E+03,2.530072E-02,0.000000E+00,0.000000E+00,2.530072E-02,7.833534E+02,1.319346E-01,1.254247E+03,1.721812E+03,4.212064E-02,2.575781E+03,2.530072E-02,0.000000E+00,0.000000E+00,2.530072E-02,7.833534E+02,1.226879E-01,1.161303E+03,1.635482E+03,7.442530E-02,3.484763E+03,2.530072E-02,0.000000E+00,0.000000E+00,2.530072E-02,7.833534E+02,1.181440E-01,1.115644E+03,1.587585E+03,1.120797E-01,4.544689E+03,2.530072E-02,0.000000E+00,0.000000E+00,2.530072E-02,7.833534E+02,1.391738E-01,1.326965E+03,1.834720E+03,7.959424E-02,3.630433E+03,2.530072E-02,0.000000E+00,0.000000E+00,2.530072E-02,7.833534E+02,1.312706E-01,1.247524E+03,1.760103E+03,1.120407E-01,4.543592E+03,2.530072E-02,0.000000E+00,0.000000E+00,2.530072E-02,7.833534E+02,1.265163E-01,1.199750E+03,1.710311E+03,1.120737E-01,4.544520E+03,2.530072E-02,0.000000E+00,0.000000E+00,2.530072E-02,7.833534E+02,1.387471E-01,1.322676E+03,1.830153E+03,7.957036E-02,3.629761E+03,2.530072E-02,0.000000E+00,0.000000E+00,2.530072E-02,7.833534E+02,1.307987E-01,1.242781E+03,1.756193E+03,1.119988E-01,4.542414E+03,2.530072E-02,0.000000E+00,0.000000E+00,2.530072E-02,7.833534E+02,1.262125E-01,1.196698E+03,1.707397E+03
02:00:00,1.118394E-01,4.537944E+03,2.530072E-02,0.000000E+00,0.000000E+00,2.530072E-02,7.959635E+02,8.590373E-02,7.790375E+02,1.214363E+03,7.929204E-02,3.621942E+03,2.530072E-02,0.000000E+00,0.000000E+00,2.530072E-02,7.959635E+02,8.305968E-02,7.504593E+02,1.184720E+03,1.119168E-01,4.540124E+03,2.530072E-02,0.000000E+00,0.000000E+00,2.530072E-02,7.959635E+02,7.774805E-02,6.970902E+02,1.127092E+03,1.118718E-01,4.538856E+03,2.530072E-02,0.000000E+00,0.000000E+00,2.530072E-02,7.959635E+02,8.448512E-02,7.647838E+02,1.198809E+03,7.929716E-02,3.622086E+03,2.530072E-02,0.000000E+00,0.000000E+00,2.530072E-02,7.959635E+02,8.164752E-02,7.362695E+02,1.170267E+03,1.118956E-01,4.539528E+03,2.530072E-02,0.000000E+00,0.000000E+00,2.530072E-02,7.959635E+02,7.652257E-02,6.847768E+02,1.114010E+03,7.661026E-02,3.546251E+03,2.530072E-02,0.000000E+00,0.000000E+00,2.530072E-02,7.959635E+02,9.961416E-02,9.168127E+02,1.338953E+03,4.426321E-02,2.636065E+03,2.530072E-02,0.000000E+00,0.000000E+00,2.530072E-02,7.959635E+02,9.598037E-02,8.802988E+02,1.300173E+03,7.661944E-02,3.546509E+03,2.530072E-02,0.000000E+00,0.000000E+00,2.530072E-02,7.959635E+02,9.046467E-02,8.248762E+02,1.243989E+03,7.662709E-02,3.546724E+03,2.530072E-02,0.000000E+00,0.000000E+00,2.530072E-02,7.959635E+02,9.833191E-02,9.039287E+02,1.325299E+03,4.425504E-02,2.635835E+03,2.530072E-02,0.000000E+00,0.000000E+00,2.530072E-02,7.959635E+02,9.469342E-02,8.673665E+02,1.287460E+03,7.658641E-02,3.545579E+03,2.530072E-02,0.000000E+00,0.000000E+00,2.530072E-02,7.959635E+02,8.936351E-02,8.138112E+02,1.232698E+03,1.142448E-01,4.605637E+03,2.530072E-02,0.000000E+00,0.000000E+00,2.530072E-02,7.959635E+02,1.032291E-01,9.531121E+02,1.407617E+03,8.177552E-02,3.691828E+03,2.530072E-02,0.000000E+00,0.000000E+00,2.530072E-02,7.959635E+02,1.002888E-01,9.235668E+02,1.376230E+03,1.142059E-01,4.604541E+03,2.530072E-02,0.000000E+00,0.000000E+00,2.530072E-02,7.959635E+02,9.483369E-02,8.687547E+02,1.319274E+03,1.142389E-01,4.605469E+03,2.530072E-02,0.000000E+00,0.000000E+00,2.530072E-02,7.959635E+02,1.028671E-01,9.494743E+02,1.403619E+03,8.175166E-02,3.691156E+03,2.530072E-02,0.000000E+00,0.000000E+00,2.530072E-02,7.959635E+02,9.992856E-02,9.199466E+02,1.372601E+03,1.141641E-01,4.603363E+03,2.530072E-02,0.000000E+00,0.000000E+00,2.530072E-02,7.959635E+02,9.459666E-02,8.663730E+02,1.316750E+03
03:00:00,1.132224E-01,4.576877E+03,2.530072E-02,0.000000E+00,0.000000E+00,2.530072E-02,8.054211E+02,6.993401E-02,6.091249E+02,1.017880E+03,8.072809E-02,3.662361E+03,2.530072E-02,0.000000E+00,0.000000E+00,2.530072E-02,8.054211E+02,6.952341E-02,6.049991E+02,1.014050E+03,1.132998E-01,4.579055E+03,2.530072E-02,0.000000E+00,0.000000E+00,2.530072E-02,8.054211E+02,6.369228E-02,5.464106E+02,9.486388E+02,1.132548E-01,4.577788E+03,2.530072E-02,0.000000E+00,0.000000E+00,2.530072E-02,8.054211E+02,6.879202E-02,5.976507E+02,1.004992E+03,8.073320E-02,3.662505E+03,2.530072E-02,0.000000E+00,0.000000E+00,2.530072E-02,8.054211E+02,6.841360E-02,5.938479E+02,1.002128E+03,1.132786E-01,4.578459E+03,2.530072E-02,0.000000E+00,0.000000E+00,2.530072E-02,8.054211E+02,6.273420E-02,5.367843E+02,9.379683E+02,7.812364E-02,3.588844E+03,2.530072E-02,0.000000E+00,0.000000E+00,2.530072E-02,8.054211E+02,8.179345E-02,7.282973E+02,1.128293E+03,4.580502E-02,2.679449E+03,2.530072E-02,0.000000E+00,0.000000E+00,2.530072E-02,8.054211E+02,8.101606E-02,7.204869E+02,1.119069E+03,7.813283E-02,3.589102E+03,2.530072E-02,0.000000E+00,0.000000E+00,2.530072E-02,8.054211E+02,7.497401E-02,6.597758E+02,1.055808E+03,7.814048E-02,3.589317E+03,2.530072E-02,0.000000E+00,0.000000E+00,2.530072E-02,8.054211E+02,8.076649E-02,7.179786E+02,1.117145E+03,4.579686E-02,2.679220E+03,2.530072E-02,0.000000E+00,0.000000E+00,2.530072E-02,8.054211E+02,8.001191E-02,7.103970E+02,1.108724E+03,7.809980E-02,3.588173E+03,2.530072E-02,0.000000E+00,0.000000E+00,2.530072E-02,8.054211E+02,7.411527E-02,6.511473E+02,1.046696E+03,1.156925E-01,4.646389E+03,2.530072E-02,0.000000E+00,0.000000E+00,2.530072E-02,8.054211E+02,8.464112E-02,7.568916E+02,1.184909E+03,8.327588E-02,3.734058E+03,2.530072E-02,0.000000E+00,0.000000E+00,2.530072E-02,8.054211E+02,8.428494E-02,7.533135E+02,1.180639E+03,1.156536E-01,4.645295E+03,2.530072E-02,0.000000E+00,0.000000E+00,2.530072E-02,8.054211E+02,7.832012E-02,6.933807E+02,1.116421E+03,1.156865E-01,4.646222E+03,2.530072E-02,0.000000E+00,0.000000E+00,2.530072E-02,8.054211E+02,8.431583E-02,7.536234E+02,1.181239E+03,8.325205E-02,3.733388E+03,2.530072E-02,0.000000E+00,0.000000E+00,2.530072E-02,8.054211E+02,8.397573E-02,7.502067E+02,1.177333E+03,1.156118E-01,4.644118E+03,2.530072E-02,0.000000E+00,0.000000E+00,2.530072E-02,8.054211E+02,7.811077E-02,6.912772E+02,1.114094E+03
04:00:00,1.141692E-01,4.603529E+03,2.530072E-02,0.000000E+00,0.000000E+00,2.530072E-02,8.148787E+02,5.712820E-02,4.709992E+02,8.609730E+02,8.173522E-02,3.690707E+03,2.530072E-02,0.000000E+00,0.000000E+00,2.530072E-02,8.148787E+02,5.877138E-02,4.875084E+02,8.805523E+02,1.142466E-01,4.605706E+03,2.530072E-02,0.000000E+00,0.000000E+00,2.530072E-02,8.148787E+02,5.239208E-02,4.234135E+02,8.060739E+02,1.142016E-01,4.604440E+03,2.530072E-02,0.000000E+00,0.000000E+00,2.530072E-02,8.148787E+02,5.621247E-02,4.617986E+02,8.502340E+02,8.174031E-02,3.690851E+03,2.530072E-02,0.000000E+00,0.000000E+00,2.530072E-02,8.148787E+02,5.789792E-02,4.787322E+02,8.707240E+02,1.142254E-01,4.605110E+03,2.530072E-02,0.000000E+00,0.000000E+00,2.530072E-02,8.148787E+02,5.164333E-02,4.158905E+02,7.973127E+02,7.919563E-02,3.619016E+03,2.530072E-02,0.000000E+00,0.000000E+00,2.530072E-02,8.148787E+02,6.768821E-02,5.771111E+02,9.629812E+02,4.692969E-02,2.711097E+03,2.530072E-02,0.000000E+00,0.000000E+00,2.530072E-02,8.148787E+02,6.918844E-02,5.921856E+02,9.783497E+02,7.920483E-02,3.619274E+03,2.530072E-02,0.000000E+00,0.000000E+00,2.530072E-02,8.148787E+02,6.257872E-02,5.257721E+02,9.070993E+02,7.921248E-02,3.619490E+03,2.530072E-02,0.000000E+00,0.000000E+00,2.530072E-02,8.148787E+02,6.685268E-02,5.687161E+02,9.536821E+02,4.692156E-02,2.710868E+03,2.530072E-02,0.000000E+00,0.000000E+00,2.530072E-02,8.148787E+02,6.839368E-02,5.841998E+02,9.698706E+02,7.917183E-02,3.618346E+03,2.530072E-02,0.000000E+00,0.000000E+00,2.530072E-02,8.148787E+02,6.190279E-02,5.189804E+02,8.996704E+02,1.166771E-01,4.674104E+03,2.530072E-02,0.000000E+00,0.000000E+00,2.530072E-02,8.148787E+02,6.978343E-02,5.981481E+02,1.009126E+03,8.432491E-02,3.763584E+03,2.530072E-02,0.000000E+00,0.000000E+00,2.530072E-02,8.148787E+02,7.149198E-02,6.153149E+02,1.027792E+03,1.166383E-01,4.673012E+03,2.530072E-02,0.000000E+00,0.000000E+00,2.530072E-02,8.148787E+02,6.496605E-02,5.497460E+02,9.550138E+02,1.166711E-01,4.673937E+03,2.530072E-02,0.000000E+00,0.000000E+00,2.530072E-02,8.148787E+02,6.947943E-02,5.950938E+02,1.005592E+03,8.430113E-02,3.762915E+03,2.530072E-02,0.000000E+00,0.000000E+00,2.530072E-02,8.148787E+02,7.121482E-02,6.125302E+02,1.024690E+03,1.165965E-01,4.671837E+03,2.530072E-02,0.000000E+00,0.000000E+00,2.530072E-02,8.148787E+02,6.477260E-02,5.478023E+02,9.527701E+02
05:00:00,1.143428E-01,4.608416E+03,2.530072E-02,0.000000E+00,0.000000E+00,2.530072E-02,8.211838E+02,5.079481E-02,4.010595E+02,7.840095E+02,8.196988E-02,3.697312E+03,2.530072E-02,0.000000E+00,0.000000E+00,2.530072E-02,8.211838E+02,5.309443E-02,4.241644E+02,8.108470E+02,1.144201E-01,4.610591E+03,2.530072E-02,0.000000E+00,0.000000E+00,2.530072E-02,8.211838E+02,5.589835E-02,4.523357E+02,8.571221E+02,1.143752E-01,4.609326E+03,2.530072E-02,0.000000E+00,0.000000E+00,2.530072E-02,8.211838E+02,5.293520E-02,4.225644E+02,8.130450E+02,8.197498E-02,3.697456E+03,2.530072E-02,0.000000E+00,0.000000E+00,2.530072E-02,8.211838E+02,5.535651E-02,4.468919E+02,8.413649E+02,1.143990E-01,4.609996E+03,2.530072E-02,0.000000E+00,0.000000E+00,2.530072E-02,8.211838E+02,5.811145E-02,4.745711E+02,8.877714E+02,7.951961E-02,3.628137E+03,2.530072E-02,0.000000E+00,0.000000E+00,2.530072E-02,8.211838E+02,6.010878E-02,4.946498E+02,8.748039E+02,4.731819E-02,2.722031E+03,2.530072E-02,0.000000E+00,0.000000E+00,2.530072E-02,8.211838E+02,6.249916E-02,5.186685E+02,8.994053E+02,7.952880E-02,3.628395E+03,2.530072E-02,0.000000E+00,0.000000E+00,2.530072E-02,8.211838E+02,6.376809E-02,5.314162E+02,9.247447E+02,7.953645E-02,3.628611E+03,2.530072E-02,0.000000E+00,0.000000E+00,2.530072E-02,8.211838E+02,6.191638E-02,5.128117E+02,8.975876E+02,4.731008E-02,2.721803E+03,2.530072E-02,0.000000E+00,0.000000E+00,2.530072E-02,8.211838E+02,6.441757E-02,5.379437E+02,9.234117E+02,7.949585E-02,3.627468E+03,2.530072E-02,0.000000E+00,0.000000E+00,2.530072E-02,8.211838E+02,6.563469E-02,5.501708E+02,9.486165E+02,1.169124E-01,4.680728E+03,2.530072E-02,0.000000E+00,0.000000E+00,2.530072E-02,8.211838E+02,6.143153E-02,5.079274E+02,9.111536E+02,8.462341E-02,3.771985E+03,2.530072E-02,0.000000E+00,0.000000E+00,2.530072E-02,8.211838E+02,6.392074E-02,5.329379E+02,9.382892E+02,1.168736E-01,4.679637E+03,2.530072E-02,0.000000E+00,0.000000E+00,2.530072E-02,8.211838E+02,6.518943E-02,5.456835E+02,9.649724E+02,1.169065E-01,4.680561E+03,2.530072E-02,0.000000E+00,0.000000E+00,2.530072E-02,8.211838E+02,6.362845E-02,5.300003E+02,9.395311E+02,8.459968E-02,3.771318E+03,2.530072E-02,0.000000E+00,0.000000E+00,2.530072E-02,8.211838E+02,6.621117E-02,5.559504E+02,9.676024E+02,1.168319E-01,4.678463E+03,2.530072E-02,0.000000E+00,0.000000E+00,2.530072E-02,8.211838E+02,6.740968E-02,5.679907E+02,9.939234E+02
06:00:00,1.133015E-01,4.579108E+03,2.530072E-02,0.000000E+00,0.000000E+00,2.530072E-02,8.148787E+02,5.340325E-02,4.335699E+02,8.346668E+02,8.101442E-02,3.670421E+03,2.530072E-02,0.000000E+00,0.000000E+00,2.530072E-02,8.148787E+02,5.434015E-02,4.429842E+02,8.419387E+02,1.133787E-01,4.581281E+03,2.530072E-02,0.000000E+00,0.000000E+00,2.530072E-02,8.148787E+02,1.076916E-01,9.789518E+02,1.548141E+03,1.133339E-01,4.580019E+03,2.530072E-02,0.000000E+00,0.000000E+00,2.530072E-02,8.148787E+02,6.196298E-02,5.195657E+02,9.482690E+02,8.101959E-02,3.670567E+03,2.530072E-02,0.000000E+00,0.000000E+00,2.530072E-02,8.148787E+02,6.311564E-02,5.311484E+02,9.568366E+02,1.133577E-01,4.580689E+03,2.530072E-02,0.000000E+00,0.000000E+00,2.530072E-02,8.148787E+02,1.166049E-01,1.068487E+03,1.662243E+03,7.870263E-02,3.605150E+03,2.530072E-02,0.000000E+00,0.000000E+00,2.530072E-02,8.148787E+02,6.097423E-02,5.096490E+02,9.005669E+02,4.660483E-02,2.701962E+03,2.530072E-02,0.000000E+00,0.000000E+00,2.530072E-02,8.148787E+02,6.230983E-02,5.230707E+02,9.106061E+02,7.871178E-02,3.605408E+03,2.530072E-02,0.000000E+00,0.000000E+00,2.530072E-02,8.148787E+02,1.072886E-01,9.749569E+02,1.468710E+03,7.871942E-02,3.605623E+03,2.530072E-02,0.000000E+00,0.000000E+00,2.530072E-02,8.148787E+02,6.864008E-02,5.866683E+02,9.948694E+02,4.659675E-02,2.701734E+03,2.530072E-02,0.000000E+00,0.000000E+00,2.530072E-02,8.148787E+02,7.017739E-02,6.021172E+02,1.006051E+03,7.867890E-02,3.604483E+03,2.530072E-02,0.000000E+00,0.000000E+00,2.530072E-02,8.148787E+02,1.151714E-01,1.054149E+03,1.563648E+03,1.159950E-01,4.654908E+03,2.530072E-02,0.000000E+00,0.000000E+00,2.530072E-02,8.148787E+02,6.185210E-02,5.184567E+02,9.346564E+02,8.378978E-02,3.748523E+03,2.530072E-02,0.000000E+00,0.000000E+00,2.530072E-02,8.148787E+02,6.321609E-02,5.321630E+02,9.459218E+02,1.159563E-01,4.653818E+03,2.530072E-02,0.000000E+00,0.000000E+00,2.530072E-02,8.148787E+02,1.076441E-01,9.784910E+02,1.521030E+03,1.159891E-01,4.654741E+03,2.530072E-02,0.000000E+00,0.000000E+00,2.530072E-02,8.148787E+02,6.973359E-02,5.976390E+02,1.035558E+03,8.376607E-02,3.747856E+03,2.530072E-02,0.000000E+00,0.000000E+00,2.530072E-02,8.148787E+02,7.127852E-02,6.131635E+02,1.047790E+03,1.159146E-01,4.652646E+03,2.530072E-02,0.000000E+00,0.000000E+00,2.530072E-02,8.148787E+02,1.157938E-01,1.060360E+03,1.622019E+03
07:00:00,1.116134E-01,4.531592E+03,2.530072E-02,0.000000E+00,0.000000E+00,2.530072E-02,7.928110E+02,6.126150E-02,5.346090E+02,9.654727E+02,7.942907E-02,3.625801E+03,2.530072E-02,0.000000E+00,0.000000E+00,2.530072E-02,7.928110E+02,5.982543E-02,5.201820E+02,9.404527E+02,1.116904E-01,4.533761E+03,2.530072E-02,0.000000E+00,0.000000E+00,2.530072E-02,7.928110E+02,1.595092E-01,1.521686E+03,2.153445E+03,1.116457E-01,4.532501E+03,2.530072E-02,0.000000E+00,0.000000E+00,2.530072E-02,7.928110E+02,6.722127E-02,5.944884E+02,1.040512E+03,7.943429E-02,3.625948E+03,2.530072E-02,0.000000E+00,0.000000E+00,2.530072E-02,7.928110E+02,6.580232E-02,5.802340E+02,1.015156E+03,1.116695E-01,4.533172E+03,2.530072E-02,0.000000E+00,0.000000E+00,2.530072E-02,7.928110E+02,1.650737E-01,1.577591E+03,2.212638E+03,7.726290E-02,3.564639E+03,2.530072E-02,0.000000E+00,0.000000E+00,2.530072E-02,7.928110E+02,6.716639E-02,5.939492E+02,1.003955E+03,4.529817E-02,2.665197E+03,2.530072E-02,0.000000E+00,0.000000E+00,2.530072E-02,7.928110E+02,6.624608E-02,5.847046E+02,9.854429E+02,7.727200E-02,3.564895E+03,2.530072E-02,0.000000E+00,0.000000E+00,2.530072E-02,7.928110E+02,1.548215E-01,1.474649E+03,2.020880E+03,7.727964E-02,3.565110E+03,2.530072E-02,0.000000E+00,0.000000E+00,2.530072E-02,7.928110E+02,7.301624E-02,6.527263E+02,1.073352E+03,4.529012E-02,2.664971E+03,2.530072E-02,0.000000E+00,0.000000E+00,2.530072E-02,7.928110E+02,7.214620E-02,6.439872E+02,1.054800E+03,7.723923E-02,3.563973E+03,2.530072E-02,0.000000E+00,0.000000E+00,2.530072E-02,7.928110E+02,1.604216E-01,1.530915E+03,2.080863E+03,1.144440E-01,4.611252E+03,2.530072E-02,0.000000E+00,0.000000E+00,2.530072E-02,7.928110E+02,6.833834E-02,6.057154E+02,1.046147E+03,8.233880E-02,3.707685E+03,2.530072E-02,0.000000E+00,0.000000E+00,2.530072E-02,7.928110E+02,6.732062E-02,5.954922E+02,1.026129E+03,1.144053E-01,4.610163E+03,2.530072E-02,0.000000E+00,0.000000E+00,2.530072E-02,7.928110E+02,1.546102E-01,1.472484E+03,2.077602E+03,1.144381E-01,4.611084E+03,2.530072E-02,0.000000E+00,0.000000E+00,2.530072E-02,7.928110E+02,7.407774E-02,6.633810E+02,1.116178E+03,8.231513E-02,3.707018E+03,2.530072E-02,0.000000E+00,0.000000E+00,2.530072E-02,7.928110E+02,7.309848E-02,6.535448E+02,1.096099E+03,1.143637E-01,4.608993E+03,2.530072E-02,0.000000E+00,0.000000E+00,2.530072E-02,7.928110E+02,1.604417E-01,1.531074E+03,2.140078E+03
08:00:00,1.105784E-01,4.502458E+03,2.530072E-02,0.000000E+00,0.000000E+00,2.530072E-02,7.392180E+02,7.180776E-02,6.941780E+02,1.157790E+03,7.846687E-02,3.598717E+03,2.530072E-02,0.000000E+00,0.000000E+00,2.530072E-02,7.392180E+02,6.683879E-02,6.442531E+02,1.087188E+03,1.106554E-01,4.504624E+03,2.530072E-02,0.000000E+00,0.000000E+00,2.530072E-02,7.392180E+02,1.975847E-01,1.957931E+03,2.584733E+03,1.106107E-01,4.503367E+03,2.530072E-02,0.000000E+00,0.000000E+00,2.530072E-02,7.392180E+02,7.456784E-02,7.219111E+02,1.188369E+03,7.847213E-02,3.598865E+03,2.530072E-02,0.000000E+00,0.000000E+00,2.530072E-02,7.392180E+02,6.956807E-02,6.716768E+02,1.117852E+03,1.106346E-01,4.504038E+03,2.530072E-02,0.000000E+00,0.000000E+00,2.530072E-02,7.392180E+02,1.995352E-01,1.977531E+03,2.600864E+03,7.639116E-02,3.540107E+03,2.530072E-02,0.000000E+00,0.000000E+00,2.530072E-02,7.392180E+02,7.583710E-02,7.346737E+02,1.166220E+03,4.453634E-02,2.643762E+03,2.530072E-02,0.000000E+00,0.000000E+00,2.530072E-02,7.392180E+02,7.143065E-02,6.904000E+02,1.105202E+03,7.640022E-02,3.540362E+03,2.530072E-02,0.000000E+00,0.000000E+00,2.530072E-02,7.392180E+02,1.924092E-01,1.905971E+03,2.461380E+03,7.640784E-02,3.540576E+03,2.530072E-02,0.000000E+00,0.000000E+00,2.530072E-02,7.392180E+02,7.894765E-02,7.659288E+02,1.200482E+03,4.452832E-02,2.643536E+03,2.530072E-02,0.000000E+00,0.000000E+00,2.530072E-02,7.392180E+02,7.453153E-02,7.215580E+02,1.139536E+03,7.636753E-02,3.539442E+03,2.530072E-02,0.000000E+00,0.000000E+00,2.530072E-02,7.392180E+02,1.948954E-01,1.930955E+03,2.484829E+03,1.134776E-01,4.584047E+03,2.530072E-02,0.000000E+00,0.000000E+00,2.530072E-02,7.392180E+02,7.789446E-02,7.553376E+02,1.223440E+03,8.144498E-02,3.682524E+03,2.530072E-02,0.000000E+00,0.000000E+00,2.530072E-02,7.392180E+02,7.327733E-02,7.089480E+02,1.158112E+03,1.134390E-01,4.582958E+03,2.530072E-02,0.000000E+00,0.000000E+00,2.530072E-02,7.392180E+02,1.920704E-01,1.902533E+03,2.515709E+03,1.134716E-01,4.583879E+03,2.530072E-02,0.000000E+00,0.000000E+00,2.530072E-02,7.392180E+02,8.065888E-02,7.831144E+02,1.253578E+03,8.142134E-02,3.681859E+03,2.530072E-02,0.000000E+00,0.000000E+00,2.530072E-02,7.392180E+02,7.602633E-02,7.365700E+02,1.188408E+03,1.133974E-01,4.581790E+03,2.530072E-02,0.000000E+00,0.000000E+00,2.530072E-02,7.392180E+02,1.946004E-01,1.927955E+03,2.538546E+03
09:00:00,1.133193E-01,4.579584E+03,2.530072E-02,0.000000E+00,0.000000E+00,2.530072E-02,6.793199E+02,8.112360E-02,8.476861E+02,1.326190E+03,8.118144E-02,3.675104E+03,2.530072E-02,0.000000E+00,0.000000E+00,2.530072E-02,6.793199E+02,7.155122E-02,7.515061E+02,1.200718E+03,1.133963E-01,4.581752E+03,2.530072E-02,0.000000E+00,0.000000E+00,2.530072E-02,6.793199E+02,2.135928E-01,2.178729E+03,2.764333E+03,1.133516E-01,4.580494E+03,2.530072E-02,0.000000E+00,0.000000E+00,2.530072E-02,6.793199E+02,7.605438E-02,7.967528E+02,1.257660E+03,8.118671E-02,3.675252E+03,2.530072E-02,0.000000E+00,0.000000E+00,2.530072E-02,6.793199E+02,6.642585E-02,7.000078E+02,1.131810E+03,1.133755E-01,4.581165E+03,2.530072E-02,0.000000E+00,0.000000E+00,2.530072E-02,6.793199E+02,2.069451E-01,2.111936E+03,2.688064E+03,7.902866E-02,3.614315E+03,2.530072E-02,0.000000E+00,0.000000E+00,2.530072E-02,6.793199E+02,8.333772E-02,8.699432E+02,1.308939E+03,4.716836E-02,2.717816E+03,2.530072E-02,0.000000E+00,0.000000E+00,2.530072E-02,6.793199E+02,7.436499E-02,7.797867E+02,1.195438E+03,7.903772E-02,3.614570E+03,2.530072E-02,0.000000E+00,0.000000E+00,2.530072E-02,6.793199E+02,2.105103E-01,2.147788E+03,2.675795E+03,7.904534E-02,3.614784E+03,2.530072E-02,0.000000E+00,0.000000E+00,2.530072E-02,6.793199E+02,7.942859E-02,8.306651E+02,1.258955E+03,4.716035E-02,2.717591E+03,2.530072E-02,0.000000E+00,0.000000E+00,2.530072E-02,6.793199E+02,7.040914E-02,7.400386E+02,1.145445E+03,7.900503E-02,3.613650E+03,2.530072E-02,0.000000E+00,0.000000E+00,2.530072E-02,6.793199E+02,2.052127E-01,2.094560E+03,2.615888E+03,1.160883E-01,4.657507E+03,2.530072E-02,0.000000E+00,0.000000E+00,2.530072E-02,6.793199E+02,8.613944E-02,8.980866E+02,1.376813E+03,8.403781E-02,3.755485E+03,2.530072E-02,0.000000E+00,0.000000E+00,2.530072E-02,6.793199E+02,7.688028E-02,8.050537E+02,1.256864E+03,1.160495E-01,4.656418E+03,2.530072E-02,0.000000E+00,0.000000E+00,2.530072E-02,6.793199E+02,2.100037E-01,2.142668E+03,2.723696E+03,1.160822E-01,4.657338E+03,2.530072E-02,0.000000E+00,0.000000E+00,2.530072E-02,6.793199E+02,8.226590E-02,8.591671E+02,1.324680E+03,8.401417E-02,3.754820E+03,2.530072E-02,0.000000E+00,0.000000E+00,2.530072E-02,6.793199E+02,7.296212E-02,7.656853E+02,1.204569E+03,1.160080E-01,4.655249E+03,2.530072E-02,0.000000E+00,0.000000E+00,2.530072E-02,6.793199E+02,2.050512E-01,2.092908E+03,2.665897E+03
10:00:00,1.145930E-01,4.615440E+03,2.530072E-02,0.000000E+00,0.000000E+00,2.530072E-02,6.257268E+02,1.005502E-01,1.096480E+03,1.593138E+03,8.241367E-02,3.709791E+03,2.530072E-02,0.000000E+00,0.000000E+00,2.530072E-02,6.257268E+02,8.645862E-02,9.548904E+02,1.423249E+03,1.146700E-01,4.617608E+03,2.530072E-02,0.000000E+00,0.000000E+00,2.530072E-02,6.257268E+02,2.205499E-01,2.302257E+03,2.848710E+03,1.146253E-01,4.616349E+03,2.530072E-02,0.000000E+00,0.000000E+00,2.530072E-02,6.257268E+02,8.256975E-02,9.158153E+02,1.376631E+03,8.241891E-02,3.709938E+03,2.530072E-02,0.000000E+00,0.000000E+00,2.530072E-02,6.257268E+02,6.850471E-02,7.744912E+02,1.203542E+03,1.146491E-01,4.617020E+03,2.530072E-02,0.000000E+00,0.000000E+00,2.530072E-02,6.257268E+02,2.000710E-01,2.096485E+03,2.627091E+03,8.016091E-02,3.646173E+03,2.530072E-02,0.000000E+00,0.000000E+00,2.530072E-02,6.257268E+02,1.007916E-01,1.098918E+03,1.548372E+03,4.826396E-02,2.748642E+03,2.530072E-02,0.000000E+00,0.000000E+00,2.530072E-02,6.257268E+02,8.722367E-02,9.625880E+02,1.388078E+03,8.016999E-02,3.646428E+03,2.530072E-02,0.000000E+00,0.000000E+00,2.530072E-02,6.257268E+02,2.204681E-01,2.301464E+03,2.798245E+03,8.017761E-02,3.646643E+03,2.530072E-02,0.000000E+00,0.000000E+00,2.530072E-02,6.257268E+02,8.516401E-02,9.418915E+02,1.367617E+03,4.825595E-02,2.748416E+03,2.530072E-02,0.000000E+00,0.000000E+00,2.530072E-02,6.257268E+02,7.161734E-02,8.057738E+02,1.206270E+03,8.013728E-02,3.645508E+03,2.530072E-02,0.000000E+00,0.000000E+00,2.530072E-02,6.257268E+02,2.024644E-01,2.120560E+03,2.605490E+03,1.172742E-01,4.690892E+03,2.530072E-02,0.000000E+00,0.000000E+00,2.530072E-02,6.257268E+02,1.042662E-01,1.133820E+03,1.627833E+03,8.518616E-02,3.787810E+03,2.530072E-02,0.000000E+00,0.000000E+00,2.530072E-02,6.257268E+02,9.035176E-02,9.940104E+02,1.460894E+03,1.172354E-01,4.689802E+03,2.530072E-02,0.000000E+00,0.000000E+00,2.530072E-02,6.257268E+02,2.198936E-01,2.295663E+03,2.842504E+03,1.172682E-01,4.690724E+03,2.530072E-02,0.000000E+00,0.000000E+00,2.530072E-02,6.257268E+02,8.967346E-02,9.871945E+02,1.454067E+03,8.516252E-02,3.787145E+03,2.530072E-02,0.000000E+00,0.000000E+00,2.530072E-02,6.257268E+02,7.577905E-02,8.475850E+02,1.285107E+03,1.171939E-01,4.688633E+03,2.530072E-02,0.000000E+00,0.000000E+00,2.530072E-02,6.257268E+02,2.032681E-01,2.128610E+03,2.662385E+03
11:00:00,1.146868E-01,4.618112E+03,2.530072E-02,0.000000E+00,0.000000E+00,2.530072E-02,5.784388E+02,1.235365E-01,1.374725E+03,1.897493E+03,8.248415E-02,3.711793E+03,2.530072E-02,0.000000E+00,0.000000E+00,2.530072E-02,5.784388E+02,1.047256E-01,1.185718E+03,1.679474E+03,1.147639E-01,4.620281E+03,2.530072E-02,0.000000E+00,0.000000E+00,2.530072E-02,5.784388E+02,2.116081E-01,2.259692E+03,2.794478E+03,1.147191E-01,4.619021E+03,2.530072E-02,0.000000E+00,0.000000E+00,2.530072E-02,5.784388E+02,9.247040E-02,1.062580E+03,1.538236E+03,8.248938E-02,3.711940E+03,2.530072E-02,0.000000E+00,0.000000E+00,2.530072E-02,5.784388E+02,7.385059E-02,8.754919E+02,1.314711E+03,1.147430E-01,4.619692E+03,2.530072E-02,0.000000E+00,0.000000E+00,2.530072E-02,5.784388E+02,1.781481E-01,1.923486E+03,2.433043E+03,8.018130E-02,3.646761E+03,2.530072E-02,0.000000E+00,0.000000E+00,2.530072E-02,5.784388E+02,1.222234E-01,1.361551E+03,1.829323E+03,4.825906E-02,2.748508E+03,2.530072E-02,0.000000E+00,0.000000E+00,2.530072E-02,5.784388E+02,1.038501E-01,1.176938E+03,1.618947E+03,8.019038E-02,3.647016E+03,2.530072E-02,0.000000E+00,0.000000E+00,2.530072E-02,5.784388E+02,2.151012E-01,2.294821E+03,2.782685E+03,8.019800E-02,3.647231E+03,2.530072E-02,0.000000E+00,0.000000E+00,2.530072E-02,5.784388E+02,9.428340E-02,1.080810E+03,1.515804E+03,4.825104E-02,2.748282E+03,2.530072E-02,0.000000E+00,0.000000E+00,2.530072E-02,5.784388E+02,7.608663E-02,8.979684E+02,1.303714E+03,8.015766E-02,3.646095E+03,2.530072E-02,0.000000E+00,0.000000E+00,2.530072E-02,5.784388E+02,1.846738E-01,1.989082E+03,2.457937E+03,1.173503E-01,4.693066E+03,2.530072E-02,0.000000E+00,0.000000E+00,2.530072E-02,5.784388E+02,1.263728E-01,1.403227E+03,1.921985E+03,8.523735E-02,3.789270E+03,2.530072E-02,0.000000E+00,0.000000E+00,2.530072E-02,5.784388E+02,1.076384E-01,1.214989E+03,1.705047E+03,1.173116E-01,4.691976E+03,2.530072E-02,0.000000E+00,0.000000E+00,2.530072E-02,5.784388E+02,2.151026E-01,2.294804E+03,2.832982E+03,1.173443E-01,4.692897E+03,2.530072E-02,0.000000E+00,0.000000E+00,2.530072E-02,5.784388E+02,1.009522E-01,1.147806E+03,1.630522E+03,8.521369E-02,3.788605E+03,2.530072E-02,0.000000E+00,0.000000E+00,2.530072E-02,5.784388E+02,8.237359E-02,9.611317E+02,1.410133E+03,1.172700E-01,4.690806E+03,2.530072E-02,0.000000E+00,0.000000E+00,2.530072E-02,5.784388E+02,1.875346E-01,2.017801E+03,2.535585E+03
12:00:00,1.146263E-01,4.616441E+03,2.530072E-02,0.000000E+00,0.000000E+00,2.530072E-02,5.469135E+02,1.432311E-01,1.604121E+03,2.139955E+03,8.242229E-02,3.710071E+03,2.530072E-02,0.000000E+00,0.000000E+00,2.530072E-02,5.469135E+02,1.204660E-01,1.375387E+03,1.882967E+03,1.147033E-01,4.618610E+03,2.530072E-02,0.000000E+00,0.000000E+00,2.530072E-02,5.469135E+02,1.953947E-01,2.128286E+03,2.651291E+03,1.146586E-01,4.617350E+03,2.530072E-02,0.000000E+00,0.000000E+00,2.530072E-02,5.469135E+02,1.011894E-01,1.181702E+03,1.667888E+03,8.242752E-02,3.710219E+03,2.530072E-02,0.000000E+00,0.000000E+00,2.530072E-02,5.469135E+02,7.872362E-02,9.559740E+02,1.403454E+03,1.146824E-01,4.618021E+03,2.530072E-02,0.000000E+00,0.000000E+00,2.530072E-02,5.469135E+02,1.518994E-01,1.691250E+03,2.179795E+03,8.010137E-02,3.644533E+03,2.530072E-02,0.000000E+00,0.000000E+00,2.530072E-02,5.469135E+02,1.412621E-01,1.584368E+03,2.062593E+03,4.817515E-02,2.746154E+03,2.530072E-02,0.000000E+00,0.000000E+00,2.530072E-02,5.469135E+02,1.187693E-01,1.358364E+03,1.810492E+03,8.011045E-02,3.644788E+03,2.530072E-02,0.000000E+00,0.000000E+00,2.530072E-02,5.469135E+02,2.007043E-01,2.181672E+03,2.659796E+03,8.011807E-02,3.645003E+03,2.530072E-02,0.000000E+00,0.000000E+00,2.530072E-02,5.469135E+02,1.024886E-01,1.194774E+03,1.636751E+03,4.816713E-02,2.745929E+03,2.530072E-02,0.000000E+00,0.000000E+00,2.530072E-02,5.469135E+02,8.029185E-02,9.717436E+02,1.382131E+03,8.007772E-02,3.643867E+03,2.530072E-02,0.000000E+00,0.000000E+00,2.530072E-02,5.469135E+02,1.602097E-01,1.774777E+03,2.226953E+03,1.173008E-01,4.691708E+03,2.530072E-02,0.000000E+00,0.000000E+00,2.530072E-02,5.469135E+02,1.459264E-01,1.631206E+03,2.164150E+03,8.518312E-02,3.787765E+03,2.530072E-02,0.000000E+00,0.000000E+00,2.530072E-02,5.469135E+02,1.230767E-01,1.401622E+03,1.905968E+03,1.172621E-01,4.690617E+03,2.530072E-02,0.000000E+00,0.000000E+00,2.530072E-02,5.469135E+02,2.016008E-01,2.190643E+03,2.718712E+03,1.172948E-01,4.691539E+03,2.530072E-02,0.000000E+00,0.000000E+00,2.530072E-02,5.469135E+02,1.115278E-01,1.285581E+03,1.780534E+03,8.515946E-02,3.787099E+03,2.530072E-02,0.000000E+00,0.000000E+00,2.530072E-02,5.469135E+02,8.891921E-02,1.058418E+03,1.517608E+03,1.172205E-01,4.689448E+03,2.530072E-02,0.000000E+00,0.000000E+00,2.530072E-02,5.469135E+02,1.657357E-01,1.830276E+03,2.331188E+03
13:00:00,1.144819E-01,4.612397E+03,2.530072E-02,0.000000E+00,0.000000E+00,2.530072E-02,5.216932E+02,1.661817E-01,1.859920E+03,2.409684E+03,8.228200E-02,3.706136E+03,2.530072E-02,0.000000E+00,0.000000E+00,2.530072E-02,5.216932E+02,1.309997E-01,1.506434E+03,2.016521E+03,1.145590E-01,4.614565E+03,2.530072E-02,0.000000E+00,0.000000E+00,2.530072E-02,5.216932E+02,1.932675E-01,2.132109E+03,2.657868E+03,1.145142E-01,4.613306E+03,2.530072E-02,0.000000E+00,0.000000E+00,2.530072E-02,5.216932E+02,1.178967E-01,1.374775E+03,1.883715E+03,8.228724E-02,3.706283E+03,2.530072E-02,0.000000E+00,0.000000E+00,2.530072E-02,5.216932E+02,8.338262E-02,1.027998E+03,1.482308E+03,1.145381E-01,4.613977E+03,2.530072E-02,0.000000E+00,0.000000E+00,2.530072E-02,5.216932E+02,1.446448E-01,1.643560E+03,2.132031E+03,7.995970E-02,3.640562E+03,2.530072E-02,0.000000E+00,0.000000E+00,2.530072E-02,5.216932E+02,1.633269E-01,1.831280E+03,2.320507E+03,4.803598E-02,2.742245E+03,2.530072E-02,0.000000E+00,0.000000E+00,2.530072E-02,5.216932E+02,1.292438E-01,1.488824E+03,1.943613E+03,7.996877E-02,3.640817E+03,2.530072E-02,0.000000E+00,0.000000E+00,2.530072E-02,5.216932E+02,1.974038E-01,2.173713E+03,2.651678E+03,7.997639E-02,3.641031E+03,2.530072E-02,0.000000E+00,0.000000E+00,2.530072E-02,5.216932E+02,1.177290E-01,1.373119E+03,1.830192E+03,4.802796E-02,2.742019E+03,2.530072E-02,0.000000E+00,0.000000E+00,2.530072E-02,5.216932E+02,8.427464E-02,1.036978E+03,1.451144E+03,7.993605E-02,3.639896E+03,2.530072E-02,0.000000E+00,0.000000E+00,2.530072E-02,5.216932E+02,1.511952E-01,1.709407E+03,2.158489E+03,1.171710E-01,4.688073E+03,2.530072E-02,0.000000E+00,0.000000E+00,2.530072E-02,5.216932E+02,1.685611E-01,1.883831E+03,2.431440E+03,8.505469E-02,3.784164E+03,2.530072E-02,0.000000E+00,0.000000E+00,2.530072E-02,5.216932E+02,1.342894E-01,1.539491E+03,2.048684E+03,1.171323E-01,4.686983E+03,2.530072E-02,0.000000E+00,0.000000E+00,2.530072E-02,5.216932E+02,1.994852E-01,2.194583E+03,2.724599E+03,1.171650E-01,4.687904E+03,2.530072E-02,0.000000E+00,0.000000E+00,2.530072E-02,5.216932E+02,1.293070E-01,1.489423E+03,2.005769E+03,8.503103E-02,3.783498E+03,2.530072E-02,0.000000E+00,0.000000E+00,2.530072E-02,5.216932E+02,9.551419E-02,1.149893E+03,1.617876E+03,1.170907E-01,4.685813E+03,2.530072E-02,0.000000E+00,0.000000E+00,2.530072E-02,5.216932E+02,1.597110E-01,1.794942E+03,2.296171E+03
14:00:00,1.145536E-01,4.614416E+03,2.530072E-02,0.000000E+00,0.000000E+00,2.530072E-02,5.059306E+02,1.991717E-01,2.207084E+03,2.785746E+03,8.233835E-02,3.707725E+03,2.530072E-02,0.000000E+00,0.000000E+00,2.530072E-02,5.059306E+02,1.338275E-01,1.550580E+03,2.055659E+03,1.146306E-01,4.616585E+03,2.530072E-02,0.000000E+00,0.000000E+00,2.530072E-02,5.059306E+02,1.897115E-01,2.112101E+03,2.636042E+03,1.145859E-01,4.615325E+03,2.530072E-02,0.000000E+00,0.000000E+00,2.530072E-02,5.059306E+02,1.501713E-01,1.714758E+03,2.270166E+03,8.234358E-02,3.707873E+03,2.530072E-02,0.000000E+00,0.000000E+00,2.530072E-02,5.059306E+02,8.636092E-02,1.073667E+03,1.531464E+03,1.146097E-01,4.615996E+03,2.530072E-02,0.000000E+00,0.000000E+00,2.530072E-02,5.059306E+02,1.417812E-01,1.630520E+03,2.119781E+03,7.999736E-02,3.641628E+03,2.530072E-02,0.000000E+00,0.000000E+00,2.530072E-02,5.059306E+02,1.934318E-01,2.149491E+03,2.659236E+03,4.805518E-02,2.742789E+03,2.530072E-02,0.000000E+00,0.000000E+00,2.530072E-02,5.059306E+02,1.324795E-01,1.537079E+03,1.988862E+03,8.000645E-02,3.641883E+03,2.530072E-02,0.000000E+00,0.000000E+00,2.530072E-02,5.059306E+02,1.932396E-01,2.147607E+03,2.622997E+03,8.001407E-02,3.642098E+03,2.530072E-02,0.000000E+00,0.000000E+00,2.530072E-02,5.059306E+02,1.463252E-01,1.676175E+03,2.163989E+03,4.804715E-02,2.742563E+03,2.530072E-02,0.000000E+00,0.000000E+00,2.530072E-02,5.059306E+02,8.673927E-02,1.077493E+03,1.493334E+03,7.997371E-02,3.640962E+03,2.530072E-02,0.000000E+00,0.000000E+00,2.530072E-02,5.059306E+02,1.468349E-01,1.681338E+03,2.128884E+03,1.172193E-01,4.689437E+03,2.530072E-02,0.000000E+00,0.000000E+00,2.530072E-02,5.059306E+02,1.991053E-01,2.206424E+03,2.780311E+03,8.508888E-02,3.785130E+03,2.530072E-02,0.000000E+00,0.000000E+00,2.530072E-02,5.059306E+02,1.383595E-01,1.596117E+03,2.102899E+03,1.171806E-01,4.688346E+03,2.530072E-02,0.000000E+00,0.000000E+00,2.530072E-02,5.059306E+02,1.967834E-01,2.183156E+03,2.711987E+03,1.172134E-01,4.689268E+03,2.530072E-02,0.000000E+00,0.000000E+00,2.530072E-02,5.059306E+02,1.596073E-01,1.809571E+03,2.364702E+03,8.506521E-02,3.784464E+03,2.530072E-02,0.000000E+00,0.000000E+00,2.530072E-02,5.059306E+02,1.000786E-01,1.211494E+03,1.684531E+03,1.171390E-01,4.687176E+03,2.530072E-02,0.000000E+00,0.000000E+00,2.530072E-02,5.059306E+02,1.580560E-01,1.794040E+03,2.296870E+03
15:00:00,1.146152E-01,4.616149E+03,2.530072E-02,0.000000E+00,0.000000E+00,2.530072E-02,5.059306E+02,2.409733E-01,2.627067E+03,3.225223E+03,8.238895E-02,3.709150E+03,2.530072E-02,0.000000E+00,0.000000E+00,2.530072E-02,5.059306E+02,1.305779E-01,1.517922E+03,2.003898E+03,1.146922E-01,4.618318E+03,2.530072E-02,0.000000E+00,0.000000E+00,2.530072E-02,5.059306E+02,1.776202E-01,1.990589E+03,2.501601E+03,1.146475E-01,4.617058E+03,2.530072E-02,0.000000E+00,0.000000E+00,2.530072E-02,5.059306E+02,1.992916E-01,2.208264E+03,2.810936E+03,8.239418E-02,3.709297E+03,2.530072E-02,0.000000E+00,0.000000E+00,2.530072E-02,5.059306E+02,8.991625E-02,1.109381E+03,1.568862E+03,1.146713E-01,4.617729E+03,2.530072E-02,0.000000E+00,0.000000E+00,2.530072E-02,5.059306E+02,1.372187E-01,1.584658E+03,2.072618E+03,8.003908E-02,3.642803E+03,2.530072E-02,0.000000E+00,0.000000E+00,2.530072E-02,5.059306E+02,2.333077E-01,2.550147E+03,3.076132E+03,4.808271E-02,2.743566E+03,2.530072E-02,0.000000E+00,0.000000E+00,2.530072E-02,5.059306E+02,1.305896E-01,1.518086E+03,1.957208E+03,8.004816E-02,3.643059E+03,2.530072E-02,0.000000E+00,0.000000E+00,2.530072E-02,5.059306E+02,1.811308E-01,2.025923E+03,2.490719E+03,8.005579E-02,3.643273E+03,2.530072E-02,0.000000E+00,0.000000E+00,2.530072E-02,5.059306E+02,1.914641E-01,2.129706E+03,2.652046E+03,4.807468E-02,2.743340E+03,2.530072E-02,0.000000E+00,0.000000E+00,2.530072E-02,5.059306E+02,8.995362E-02,1.109785E+03,1.526198E+03,8.001542E-02,3.642137E+03,2.530072E-02,0.000000E+00,0.000000E+00,2.530072E-02,5.059306E+02,1.407029E-01,1.619711E+03,2.063868E+03,1.172753E-01,4.691011E+03,2.530072E-02,0.000000E+00,0.000000E+00,2.530072E-02,5.059306E+02,2.396240E-01,2.613516E+03,3.208678E+03,8.513383E-02,3.786396E+03,2.530072E-02,0.000000E+00,0.000000E+00,2.530072E-02,5.059306E+02,1.375768E-01,1.588244E+03,2.080587E+03,1.172366E-01,4.689921E+03,2.530072E-02,0.000000E+00,0.000000E+00,2.530072E-02,5.059306E+02,1.866599E-01,2.081415E+03,2.599471E+03,1.172693E-01,4.690843E+03,2.530072E-02,0.000000E+00,0.000000E+00,2.530072E-02,5.059306E+02,2.065027E-01,2.280724E+03,2.878066E+03,8.511016E-02,3.785729E+03,2.530072E-02,0.000000E+00,0.000000E+00,2.530072E-02,5.059306E+02,1.058160E-01,1.269131E+03,1.745637E+03,1.171950E-01,4.688750E+03,2.530072E-02,0.000000E+00,0.000000E+00,2.530072E-02,5.059306E+02,1.551952E-01,1.765275E+03,2.268102E+03
16:00:00,1.138830E-01,4.595546E+03,2.530072E-02,0.000000E+00,0.000000E+00,2.530072E-02,5.248458E+02,2.640982E-01,2.840538E+03,3.425603E+03,8.168611E-02,3.689371E+03,2.530072E-02,0.000000E+00,0.000000E+00,2.530072E-02,5.248458E+02,1.228782E-01,1.421670E+03,1.895116E+03,1.139601E-01,4.597714E+03,2.530072E-02,0.000000E+00,0.000000E+00,2.530072E-02,5.248458E+02,1.628527E-01,1.823322E+03,2.324665E+03,1.139154E-01,4.596455E+03,2.530072E-02,0.000000E+00,0.000000E+00,2.530072E-02,5.248458E+02,2.346301E-01,2.544426E+03,3.132117E+03,8.169137E-02,3.689519E+03,2.530072E-02,0.000000E+00,0.000000E+00,2.530072E-02,5.248458E+02,9.339205E-02,1.125398E+03,1.585484E+03,1.139392E-01,4.597127E+03,2.530072E-02,0.000000E+00,0.000000E+00,2.530072E-02,5.248458E+02,1.340508E-01,1.533927E+03,2.021063E+03,7.939958E-02,3.624809E+03,2.530072E-02,0.000000E+00,0.000000E+00,2.530072E-02,5.248458E+02,2.570435E-01,2.769753E+03,3.290542E+03,4.747803E-02,2.726553E+03,2.530072E-02,0.000000E+00,0.000000E+00,2.530072E-02,5.248458E+02,1.239419E-01,1.432393E+03,1.862263E+03,7.940865E-02,3.625064E+03,2.530072E-02,0.000000E+00,0.000000E+00,2.530072E-02,5.248458E+02,1.667862E-01,1.862892E+03,2.319845E+03,7.941626E-02,3.625279E+03,2.530072E-02,0.000000E+00,0.000000E+00,2.530072E-02,5.248458E+02,2.260838E-01,2.458653E+03,2.976890E+03,4.747001E-02,2.726327E+03,2.530072E-02,0.000000E+00,0.000000E+00,2.530072E-02,5.248458E+02,9.332623E-02,1.124764E+03,1.541593E+03,7.937592E-02,3.624143E+03,2.530072E-02,0.000000E+00,0.000000E+00,2.530072E-02,5.248458E+02,1.368757E-01,1.562349E+03,2.005492E+03,1.166298E-01,4.672847E+03,2.530072E-02,0.000000E+00,0.000000E+00,2.530072E-02,5.248458E+02,2.634224E-01,2.833750E+03,3.418070E+03,8.451235E-02,3.768907E+03,2.530072E-02,0.000000E+00,0.000000E+00,2.530072E-02,5.248458E+02,1.316857E-01,1.510163E+03,1.991493E+03,1.165911E-01,4.671756E+03,2.530072E-02,0.000000E+00,0.000000E+00,2.530072E-02,5.248458E+02,1.736814E-01,1.932123E+03,2.441762E+03,1.166238E-01,4.672677E+03,2.530072E-02,0.000000E+00,0.000000E+00,2.530072E-02,5.248458E+02,2.413122E-01,2.611573E+03,3.198191E+03,8.448868E-02,3.768240E+03,2.530072E-02,0.000000E+00,0.000000E+00,2.530072E-02,5.248458E+02,1.102361E-01,1.294638E+03,1.770468E+03,1.165495E-01,4.670586E+03,2.530072E-02,0.000000E+00,0.000000E+00,2.530072E-02,5.248458E+02,1.529487E-01,1.723802E+03,2.225697E+03
17:00:00,1.106628E-01,4.504916E+03,2.530072E-02,0.000000E+00,0.000000E+00,2.530072E-02,5.500660E+02,2.811637E-01,2.986900E+03,3.577251E+03,7.858636E-02,3.602135E+03,2.530072E-02,0.000000E+00,0.000000E+00,2.530072E-02,5.500660E+02,1.225452E-01,1.393138E+03,1.870077E+03,1.107397E-01,4.507079E+03,2.530072E-02,0.000000E+00,0.000000E+00,2.530072E-02,5.500660E+02,1.549082E-01,1.718318E+03,2.220722E+03,1.106951E-01,4.505825E+03,2.530072E-02,0.000000E+00,0.000000E+00,2.530072E-02,5.500660E+02,2.611022E-01,2.785311E+03,3.375934E+03,7.859168E-02,3.602285E+03,2.530072E-02,0.000000E+00,0.000000E+00,2.530072E-02,5.500660E+02,1.018437E-01,1.185125E+03,1.658407E+03,1.107189E-01,4.506497E+03,2.530072E-02,0.000000E+00,0.000000E+00,2.530072E-02,5.500660E+02,1.351264E-01,1.519549E+03,2.014139E+03,7.653226E-02,3.544127E+03,2.530072E-02,0.000000E+00,0.000000E+00,2.530072E-02,5.500660E+02,2.755523E-01,2.930579E+03,3.460256E+03,4.476823E-02,2.650306E+03,2.530072E-02,0.000000E+00,0.000000E+00,2.530072E-02,5.500660E+02,1.234749E-01,1.402503E+03,1.835491E+03,7.654127E-02,3.544380E+03,2.530072E-02,0.000000E+00,0.000000E+00,2.530072E-02,5.500660E+02,1.583841E-01,1.753273E+03,2.211592E+03,7.654886E-02,3.544594E+03,2.530072E-02,0.000000E+00,0.000000E+00,2.530072E-02,5.500660E+02,2.538304E-01,2.712307E+03,3.239291E+03,4.476024E-02,2.650081E+03,2.530072E-02,0.000000E+00,0.000000E+00,2.530072E-02,5.500660E+02,1.014051E-01,1.180738E+03,1.607933E+03,7.650866E-02,3.543463E+03,2.530072E-02,0.000000E+00,0.000000E+00,2.530072E-02,5.500660E+02,1.373035E-01,1.541450E+03,1.991105E+03,1.136949E-01,4.590247E+03,2.530072E-02,0.000000E+00,0.000000E+00,2.530072E-02,5.500660E+02,2.818764E-01,2.994060E+03,3.584952E+03,8.168633E-02,3.689374E+03,2.530072E-02,0.000000E+00,0.000000E+00,2.530072E-02,5.500660E+02,1.320323E-01,1.488463E+03,1.973596E+03,1.136562E-01,4.589158E+03,2.530072E-02,0.000000E+00,0.000000E+00,2.530072E-02,5.500660E+02,1.665160E-01,1.834951E+03,2.346263E+03,1.136888E-01,4.590077E+03,2.530072E-02,0.000000E+00,0.000000E+00,2.530072E-02,5.500660E+02,2.688326E-01,2.862987E+03,3.455584E+03,8.166268E-02,3.688709E+03,2.530072E-02,0.000000E+00,0.000000E+00,2.530072E-02,5.500660E+02,1.187581E-01,1.355079E+03,1.841720E+03,1.136147E-01,4.587989E+03,2.530072E-02,0.000000E+00,0.000000E+00,2.530072E-02,5.500660E+02,1.541510E-01,1.710705E+03,2.219583E+03
18:00:00,1.045023E-01,4.331527E+03,2.530072E-02,0.000000E+00,0.000000E+00,2.530072E-02,5.815914E+02,1.226259E-01,1.530646E+03,1.990074E+03,7.261152E-02,3.433978E+03,2.530072E-02,0.000000E+00,0.000000E+00,2.530072E-02,5.815914E+02,2.530072E-02,3.845072E+02,6.949142E+02,1.045789E-01,4.333683E+03,2.530072E-02,0.000000E+00,0.000000E+00,2.530072E-02,5.815914E+02,3.349486E-02,4.802694E+02,8.089163E+02,1.045346E-01,4.332434E+03,2.530072E-02,0.000000E+00,0.000000E+00,2.530072E-02,5.815914E+02,1.155045E-01,1.446441E+03,1.902055E+03,7.261696E-02,3.434131E+03,2.530072E-02,0.000000E+00,0.000000E+00,2.530072E-02,5.815914E+02,2.530072E-02,3.845072E+02,6.949142E+02,1.045585E-01,4.333107E+03,2.530072E-02,0.000000E+00,0.000000E+00,2.530072E-02,5.815914E+02,2.712897E-02,4.058488E+02,7.206993E+02,7.088197E-02,3.385131E+03,2.530072E-02,0.000000E+00,0.000000E+00,2.530072E-02,5.815914E+02,1.213597E-01,1.515670E+03,1.943874E+03,3.938426E-02,2.498813E+03,2.530072E-02,0.000000E+00,0.000000E+00,2.530072E-02,5.815914E+02,2.530072E-02,3.845072E+02,6.949142E+02,7.089088E-02,3.385382E+03,2.530072E-02,0.000000E+00,0.000000E+00,2.530072E-02,5.815914E+02,3.548641E-02,5.035820E+02,8.311190E+02,7.089843E-02,3.385595E+03,2.530072E-02,0.000000E+00,0.000000E+00,2.530072E-02,5.815914E+02,1.130371E-01,1.417281E+03,1.840822E+03,3.937633E-02,2.498589E+03,2.530072E-02,0.000000E+00,0.000000E+00,2.530072E-02,5.815914E+02,2.530072E-02,3.845072E+02,6.949142E+02,7.085846E-02,3.384470E+03,2.530072E-02,0.000000E+00,0.000000E+00,2.530072E-02,5.815914E+02,2.820746E-02,4.184436E+02,7.341578E+02,1.078905E-01,4.426879E+03,2.530072E-02,0.000000E+00,0.000000E+00,2.530072E-02,5.815914E+02,1.255402E-01,1.565120E+03,2.028015E+03,7.605128E-02,3.530780E+03,2.530072E-02,0.000000E+00,0.000000E+00,2.530072E-02,5.815914E+02,2.530072E-02,3.845072E+02,6.949142E+02,1.078518E-01,4.425791E+03,2.530072E-02,0.000000E+00,0.000000E+00,2.530072E-02,5.815914E+02,4.103503E-02,5.686370E+02,9.125875E+02,1.078843E-01,4.426706E+03,2.530072E-02,0.000000E+00,0.000000E+00,2.530072E-02,5.815914E+02,1.226672E-01,1.531131E+03,1.994180E+03,7.602770E-02,3.530117E+03,2.530072E-02,0.000000E+00,0.000000E+00,2.530072E-02,5.815914E+02,2.530072E-02,3.845072E+02,6.949142E+02,1.078104E-01,4.424625E+03,2.530072E-02,0.000000E+00,0.000000E+00,2.530072E-02,5.815914E+02,3.847417E-02,5.385964E+02,8.785264E+02
19:00:00,9.949058E-02,4.190453E+03,2.530072E-02,0.000000E+00,0.000000E+00,2.530072E-02,6.288793E+02,1.372356E-01,1.686107E+03,2.204653E+03,6.764930E-02,3.294311E+03,2.530072E-02,0.000000E+00,0.000000E+00,2.530072E-02,6.288793E+02,4.715060E-02,6.003012E+02,9.781400E+02,9.956711E-02,4.192606E+03,2.530072E-02,0.000000E+00,0.000000E+00,2.530072E-02,6.288793E+02,5.859600E-02,7.382112E+02,1.142664E+03,9.952281E-02,4.191359E+03,2.530072E-02,0.000000E+00,0.000000E+00,2.530072E-02,6.288793E+02,1.369744E-01,1.682921E+03,2.206047E+03,6.765478E-02,3.294465E+03,2.530072E-02,0.000000E+00,0.000000E+00,2.530072E-02,6.288793E+02,4.568772E-02,5.825963E+02,9.630374E+02,9.954673E-02,4.192033E+03,2.530072E-02,0.000000E+00,0.000000E+00,2.530072E-02,6.288793E+02,5.771876E-02,7.276093E+02,1.135062E+03,6.591723E-02,3.245420E+03,2.530072E-02,0.000000E+00,0.000000E+00,2.530072E-02,6.288793E+02,1.344113E-01,1.652082E+03,2.129598E+03,3.454912E-02,2.362761E+03,2.530072E-02,0.000000E+00,0.000000E+00,2.530072E-02,6.288793E+02,4.379210E-02,5.598531E+02,9.140616E+02,6.592610E-02,3.245670E+03,2.530072E-02,0.000000E+00,0.000000E+00,2.530072E-02,6.288793E+02,5.648130E-02,7.127568E+02,1.092355E+03,6.593362E-02,3.245882E+03,2.530072E-02,0.000000E+00,0.000000E+00,2.530072E-02,6.288793E+02,1.328794E-01,1.633580E+03,2.113272E+03,3.454123E-02,2.362539E+03,2.530072E-02,0.000000E+00,0.000000E+00,2.530072E-02,6.288793E+02,4.127544E-02,5.294542E+02,8.818899E+02,6.589376E-02,3.244760E+03,2.530072E-02,0.000000E+00,0.000000E+00,2.530072E-02,6.288793E+02,5.453379E-02,6.892638E+02,1.068371E+03,1.027926E-01,4.283381E+03,2.530072E-02,0.000000E+00,0.000000E+00,2.530072E-02,6.288793E+02,1.383576E-01,1.699643E+03,2.218990E+03,7.100307E-02,3.388693E+03,2.530072E-02,0.000000E+00,0.000000E+00,2.530072E-02,6.288793E+02,4.987173E-02,6.331029E+02,1.016499E+03,1.027539E-01,4.282292E+03,2.530072E-02,0.000000E+00,0.000000E+00,2.530072E-02,6.288793E+02,6.269265E-02,7.875972E+02,1.199485E+03,1.027864E-01,4.283207E+03,2.530072E-02,0.000000E+00,0.000000E+00,2.530072E-02,6.288793E+02,1.416510E-01,1.739312E+03,2.266110E+03,7.097952E-02,3.388030E+03,2.530072E-02,0.000000E+00,0.000000E+00,2.530072E-02,6.288793E+02,5.185189E-02,6.569322E+02,1.050698E+03,1.027125E-01,4.281128E+03,2.530072E-02,0.000000E+00,0.000000E+00,2.530072E-02,6.288793E+02,6.525226E-02,8.184070E+02,1.239743E+03
20:00:00,9.890162E-02,4.173842E+03,2.530072E-02,0.000000E+00,0.000000E+00,2.530072E-02,6.635572E+02,1.040243E-01,1.251756E+03,1.730987E+03,6.693723E-02,3.274251E+03,2.530072E-02,0.000000E+00,0.000000E+00,2.530072E-02,6.635572E+02,5.856515E-02,7.036308E+02,1.125231E+03,9.897828E-02,4.176000E+03,2.530072E-02,0.000000E+00,0.000000E+00,2.530072E-02,6.635572E+02,6.454645E-02,7.757503E+02,1.208277E+03,9.893388E-02,4.174750E+03,2.530072E-02,0.000000E+00,0.000000E+00,2.530072E-02,6.635572E+02,9.971890E-02,1.199844E+03,1.673510E+03,6.694266E-02,3.274404E+03,2.530072E-02,0.000000E+00,0.000000E+00,2.530072E-02,6.635572E+02,5.367659E-02,6.446801E+02,1.058681E+03,9.895781E-02,4.175423E+03,2.530072E-02,0.000000E+00,0.000000E+00,2.530072E-02,6.635572E+02,6.018771E-02,7.231945E+02,1.147700E+03,6.500927E-02,3.219854E+03,2.530072E-02,0.000000E+00,0.000000E+00,2.530072E-02,6.635572E+02,1.090068E-01,1.311845E+03,1.769128E+03,3.355599E-02,2.334814E+03,2.530072E-02,0.000000E+00,0.000000E+00,2.530072E-02,6.635572E+02,5.679678E-02,6.823116E+02,1.076190E+03,6.501816E-02,3.220105E+03,2.530072E-02,0.000000E+00,0.000000E+00,2.530072E-02,6.635572E+02,6.416973E-02,7.712143E+02,1.178827E+03,6.502568E-02,3.220316E+03,2.530072E-02,0.000000E+00,0.000000E+00,2.530072E-02,6.635572E+02,1.048061E-01,1.261194E+03,1.714481E+03,3.354809E-02,2.334592E+03,2.530072E-02,0.000000E+00,0.000000E+00,2.530072E-02,6.635572E+02,5.197027E-02,6.241054E+02,1.011647E+03,6.498576E-02,3.219193E+03,2.530072E-02,0.000000E+00,0.000000E+00,2.530072E-02,6.635572E+02,5.990901E-02,7.198396E+02,1.121159E+03,1.019303E-01,4.259076E+03,2.530072E-02,0.000000E+00,0.000000E+00,2.530072E-02,6.635572E+02,1.142072E-01,1.374534E+03,1.870508E+03,7.003448E-02,3.361412E+03,2.530072E-02,0.000000E+00,0.000000E+00,2.530072E-02,6.635572E+02,6.414731E-02,7.709373E+02,1.205759E+03,1.018916E-01,4.257986E+03,2.530072E-02,0.000000E+00,0.000000E+00,2.530072E-02,6.635572E+02,7.158518E-02,8.606191E+02,1.308525E+03,1.019242E-01,4.258902E+03,2.530072E-02,0.000000E+00,0.000000E+00,2.530072E-02,6.635572E+02,1.140235E-01,1.372318E+03,1.868415E+03,7.001088E-02,3.360748E+03,2.530072E-02,0.000000E+00,0.000000E+00,2.530072E-02,6.635572E+02,6.334599E-02,7.612742E+02,1.198203E+03,1.018501E-01,4.256819E+03,2.530072E-02,0.000000E+00,0.000000E+00,2.530072E-02,6.635572E+02,7.121267E-02,8.561269E+02,1.304844E+03
21:00:00,9.916712E-02,4.181288E+03,2.530072E-02,0.000000E+00,0.000000E+00,2.530072E-02,6.919300E+02,9.404712E-02,1.103070E+03,1.576262E+03,6.708032E-02,3.278265E+03,2.530072E-02,0.000000E+00,0.000000E+00,2.530072E-02,6.919300E+02,6.300143E-02,7.287375E+02,1.168879E+03,9.924389E-02,4.183448E+03,2.530072E-02,0.000000E+00,0.000000E+00,2.530072E-02,6.919300E+02,6.583921E-02,7.629542E+02,1.205910E+03,9.919938E-02,4.182196E+03,2.530072E-02,0.000000E+00,0.000000E+00,2.530072E-02,6.919300E+02,9.033689E-02,1.058335E+03,1.526397E+03,6.708570E-02,3.278417E+03,2.530072E-02,0.000000E+00,0.000000E+00,2.530072E-02,6.919300E+02,5.891495E-02,6.794645E+02,1.114906E+03,9.922329E-02,4.182868E+03,2.530072E-02,0.000000E+00,0.000000E+00,2.530072E-02,6.919300E+02,6.216776E-02,7.186863E+02,1.155361E+03,6.498517E-02,3.219157E+03,2.530072E-02,0.000000E+00,0.000000E+00,2.530072E-02,6.919300E+02,1.000625E-01,1.175613E+03,1.629166E+03,3.340797E-02,2.330646E+03,2.530072E-02,0.000000E+00,0.000000E+00,2.530072E-02,6.919300E+02,6.330265E-02,7.323777E+02,1.147678E+03,6.499410E-02,3.219408E+03,2.530072E-02,0.000000E+00,0.000000E+00,2.530072E-02,6.919300E+02,6.719869E-02,7.793541E+02,1.200634E+03,6.500162E-02,3.219620E+03,2.530072E-02,0.000000E+00,0.000000E+00,2.530072E-02,6.919300E+02,9.662362E-02,1.134148E+03,1.584312E+03,3.340003E-02,2.330423E+03,2.530072E-02,0.000000E+00,0.000000E+00,2.530072E-02,6.919300E+02,5.940589E-02,6.853914E+02,1.097528E+03,6.496162E-02,3.218494E+03,2.530072E-02,0.000000E+00,0.000000E+00,2.530072E-02,6.919300E+02,6.375728E-02,7.378591E+02,1.154773E+03,1.020638E-01,4.262802E+03,2.530072E-02,0.000000E+00,0.000000E+00,2.530072E-02,6.919300E+02,1.051053E-01,1.236400E+03,1.727648E+03,7.004931E-02,3.361814E+03,2.530072E-02,0.000000E+00,0.000000E+00,2.530072E-02,6.919300E+02,7.091286E-02,8.241259E+02,1.283327E+03,1.020250E-01,4.261711E+03,2.530072E-02,0.000000E+00,0.000000E+00,2.530072E-02,6.919300E+02,7.478029E-02,8.707573E+02,1.333946E+03,1.020576E-01,4.262629E+03,2.530072E-02,0.000000E+00,0.000000E+00,2.530072E-02,6.919300E+02,1.047206E-01,1.231761E+03,1.722586E+03,7.002567E-02,3.361149E+03,2.530072E-02,0.000000E+00,0.000000E+00,2.530072E-02,6.919300E+02,7.015535E-02,8.149912E+02,1.276014E+03,1.019835E-01,4.260542E+03,2.530072E-02,0.000000E+00,0.000000E+00,2.530072E-02,6.919300E+02,7.433496E-02,8.653874E+02,1.328830E+03
22:00:00,1.000220E-01,4.205334E+03,2.530072E-02,0.000000E+00,0.000000E+00,2.530072E-02,7.203028E+02,8.411506E-02,9.549292E+02,1.417291E+03,6.781310E-02,3.298881E+03,2.530072E-02,0.000000E+00,0.000000E+00,2.530072E-02,7.203028E+02,6.291249E-02,6.992812E+02,1.141911E+03,1.000989E-01,4.207498E+03,2.530072E-02,0.000000E+00,0.000000E+00,2.530072E-02,7.203028E+02,6.324887E-02,7.033384E+02,1.143144E+03,1.000542E-01,4.206242E+03,2.530072E-02,0.000000E+00,0.000000E+00,2.530072E-02,7.203028E+02,8.115505E-02,9.192401E+02,1.377296E+03,6.781841E-02,3.299030E+03,2.530072E-02,0.000000E+00,0.000000E+00,2.530072E-02,7.203028E+02,5.971998E-02,6.607876E+02,1.100685E+03,1.000781E-01,4.206915E+03,2.530072E-02,0.000000E+00,0.000000E+00,2.530072E-02,7.203028E+02,6.042171E-02,6.692507E+02,1.104558E+03,6.555733E-02,3.235243E+03,2.530072E-02,0.000000E+00,0.000000E+00,2.530072E-02,7.203028E+02,9.086551E-02,1.036334E+03,1.482389E+03,3.382353E-02,2.342336E+03,2.530072E-02,0.000000E+00,0.000000E+00,2.530072E-02,7.203028E+02,6.544479E-02,7.298231E+02,1.153636E+03,6.556631E-02,3.235496E+03,2.530072E-02,0.000000E+00,0.000000E+00,2.530072E-02,7.203028E+02,6.649034E-02,7.424303E+02,1.166487E+03,6.557385E-02,3.235708E+03,2.530072E-02,0.000000E+00,0.000000E+00,2.530072E-02,7.203028E+02,8.818311E-02,1.003991E+03,1.447348E+03,3.381554E-02,2.342111E+03,2.530072E-02,0.000000E+00,0.000000E+00,2.530072E-02,7.203028E+02,6.245817E-02,6.938111E+02,1.116533E+03,6.553371E-02,3.234579E+03,2.530072E-02,0.000000E+00,0.000000E+00,2.530072E-02,7.203028E+02,6.388440E-02,7.110091E+02,1.132335E+03,1.027962E-01,4.283403E+03,2.530072E-02,0.000000E+00,0.000000E+00,2.530072E-02,7.203028E+02,9.571566E-02,1.094796E+03,1.577187E+03,7.066144E-02,3.379033E+03,2.530072E-02,0.000000E+00,0.000000E+00,2.530072E-02,7.203028E+02,7.253985E-02,8.153553E+02,1.281382E+03,1.027574E-01,4.282310E+03,2.530072E-02,0.000000E+00,0.000000E+00,2.530072E-02,7.203028E+02,7.352515E-02,8.272369E+02,1.291286E+03,1.027901E-01,4.283231E+03,2.530072E-02,0.000000E+00,0.000000E+00,2.530072E-02,7.203028E+02,9.532152E-02,1.090043E+03,1.571900E+03,7.063774E-02,3.378366E+03,2.530072E-02,0.000000E+00,0.000000E+00,2.530072E-02,7.203028E+02,7.192076E-02,8.078897E+02,1.275386E+03,1.027158E-01,4.281139E+03,2.530072E-02,0.000000E+00,0.000000E+00,2.530072E-02,7.203028E+02,7.315047E-02,8.227190E+02,1.286878E+03
23:00:00,1.030808E-01,4.291419E+03,2.530072E-02,0.000000E+00,0.000000E+00,2.530072E-02,7.423705E+02,1.882360E-01,1.925691E+03,2.585930E+03,7.069959E-02,3.380112E+03,2.530072E-02,0.000000E+00,0.000000E+00,2.530072E-02,7.423705E+02,1.668488E-01,1.701804E+03,2.395597E+03,1.031579E-01,4.293590E+03,2.530072E-02,0.000000E+00,0.000000E+00,2.530072E-02,7.423705E+02,1.644923E-01,1.677155E+03,2.363461E+03,1.031131E-01,4.292329E+03,2.530072E-02,0.000000E+00,0.000000E+00,2.530072E-02,7.423705E+02,1.839153E-01,1.880478E+03,2.539398E+03,7.070485E-02,3.380260E+03,2.530072E-02,0.000000E+00,0.000000E+00,2.530072E-02,7.423705E+02,1.628464E-01,1.659920E+03,2.364388E+03,1.031370E-01,4.293003E+03,2.530072E-02,0.000000E+00,0.000000E+00,2.530072E-02,7.423705E+02,1.610428E-01,1.641061E+03,2.331871E+03,6.823533E-02,3.310590E+03,2.530072E-02,0.000000E+00,0.000000E+00,2.530072E-02,7.423705E+02,1.987536E-01,2.035900E+03,2.643356E+03,3.625803E-02,2.410832E+03,2.530072E-02,0.000000E+00,0.000000E+00,2.530072E-02,7.423705E+02,1.727278E-01,1.763408E+03,2.394623E+03,6.824437E-02,3.310845E+03,2.530072E-02,0.000000E+00,0.000000E+00,2.530072E-02,7.423705E+02,1.709591E-01,1.744902E+03,2.373182E+03,6.825194E-02,3.311058E+03,2.530072E-02,0.000000E+00,0.000000E+00,2.530072E-02,7.423705E+02,1.954335E-01,2.001135E+03,2.608704E+03,3.624997E-02,2.410605E+03,2.530072E-02,0.000000E+00,0.000000E+00,2.530072E-02,7.423705E+02,1.690998E-01,1.725433E+03,2.366385E+03,6.821161E-02,3.309923E+03,2.530072E-02,0.000000E+00,0.000000E+00,2.530072E-02,7.423705E+02,1.679074E-01,1.712962E+03,2.345667E+03,1.056342E-01,4.363273E+03,2.530072E-02,0.000000E+00,0.000000E+00,2.530072E-02,7.423705E+02,2.072134E-01,2.124390E+03,2.797922E+03,7.333504E-02,3.454273E+03,2.530072E-02,0.000000E+00,0.000000E+00,2.530072E-02,7.423705E+02,1.839229E-01,1.880478E+03,2.585422E+03,1.055953E-01,4.362178E+03,2.530072E-02,0.000000E+00,0.000000E+00,2.530072E-02,7.423705E+02,1.816438E-01,1.856641E+03,2.554246E+03,1.056281E-01,4.363102E+03,2.530072E-02,0.000000E+00,0.000000E+00,2.530072E-02,7.423705E+02,2.066210E-01,2.118187E+03,2.791489E+03,7.331125E-02,3.453604E+03,2.530072E-02,0.000000E+00,0.000000E+00,2.530072E-02,7.423705E+02,1.832276E-01,1.873193E+03,2.582744E+03,1.055535E-01,4.361003E+03,2.530072E-02,0.000000E+00,0.000000E+00,2.530072E-02,7.423705E+02,1.812971E-01,1.853007E+03,2.552147E+03
24:00:00,1.065384E-01,4.388736E+03,2.530072E-02,0.000000E+00,0.000000E+00,2.530072E-02,7.644382E+02,1.509284E-01,1.466128E+03,2.019094E+03,7.402985E-02,3.473838E+03,2.530072E-02,0.000000E+00,0.000000E+00,2.530072E-02,7.644382E+02,1.385780E-01,1.341675E+03,1.910396E+03,1.066157E-01,4.390913E+03,2.530072E-02,0.000000E+00,0.000000E+00,2.530072E-02,7.644382E+02,1.348806E-01,1.304452E+03,1.869410E+03,1.065708E-01,4.389648E+03,2.530072E-02,0.000000E+00,0.000000E+00,2.530072E-02,7.644382E+02,1.484258E-01,1.440917E+03,1.993922E+03,7.403504E-02,3.473984E+03,2.530072E-02,0.000000E+00,0.000000E+00,2.530072E-02,7.644382E+02,1.359433E-01,1.315131E+03,1.889496E+03,1.065947E-01,4.390321E+03,2.530072E-02,0.000000E+00,0.000000E+00,2.530072E-02,7.644382E+02,1.325591E-01,1.281066E+03,1.848430E+03,7.139579E-02,3.399517E+03,2.530072E-02,0.000000E+00,0.000000E+00,2.530072E-02,7.644382E+02,1.686685E-01,1.644825E+03,2.170974E+03,3.920756E-02,2.493818E+03,2.530072E-02,0.000000E+00,0.000000E+00,2.530072E-02,7.644382E+02,1.536823E-01,1.493785E+03,2.033327E+03,7.140490E-02,3.399774E+03,2.530072E-02,0.000000E+00,0.000000E+00,2.530072E-02,7.644382E+02,1.500667E-01,1.457382E+03,1.996194E+03,7.141250E-02,3.399987E+03,2.530072E-02,0.000000E+00,0.000000E+00,2.530072E-02,7.644382E+02,1.664154E-01,1.622122E+03,2.148459E+03,3.919944E-02,2.493590E+03,2.530072E-02,0.000000E+00,0.000000E+00,2.530072E-02,7.644382E+02,1.512372E-01,1.469146E+03,2.014307E+03,7.137199E-02,3.398847E+03,2.530072E-02,0.000000E+00,0.000000E+00,2.530072E-02,7.644382E+02,1.479472E-01,1.436027E+03,1.977473E+03,1.089402E-01,4.456323E+03,2.530072E-02,0.000000E+00,0.000000E+00,2.530072E-02,7.644382E+02,1.761392E-01,1.720030E+03,2.296621E+03,7.651562E-02,3.543787E+03,2.530072E-02,0.000000E+00,0.000000E+00,2.530072E-02,7.644382E+02,1.629776E-01,1.587359E+03,2.180395E+03,1.089012E-01,4.455227E+03,2.530072E-02,0.000000E+00,0.000000E+00,2.530072E-02,7.644382E+02,1.593582E-01,1.550917E+03,2.141541E+03,1.089341E-01,4.456153E+03,2.530072E-02,0.000000E+00,0.000000E+00,2.530072E-02,7.644382E+02,1.756643E-01,1.715246E+03,2.291661E+03,7.649177E-02,3.543116E+03,2.530072E-02,0.000000E+00,0.000000E+00,2.530072E-02,7.644382E+02,1.624045E-01,1.581582E+03,2.176733E+03,1.088594E-01,4.454050E+03,2.530072E-02,0.000000E+00,0.000000E+00,2.530072E-02,7.644382E+02,1.589955E-01,1.547262E+03,2.138439E+03
Coinc Peak   ,1.146868E-01,2.811637E-01,4.618112E+03,2.986900E+03,8.248415E-02,1.668488E-01,3.711793E+03,1.701804E+03,1.147639E-01,2.205499E-01,4.620281E+03,2.302257E+03,1.147191E-01,2.611022E-01,4.619021E+03,2.785311E+03,8.248938E-02,1.628464E-01,3.711940E+03,1.659920E+03,1.147430E-01,2.069451E-01,4.619692E+03,2.111936E+03,8.018130E-02,2.755523E-01,3.646761E+03,2.930579E+03,4.826396E-02,1.727278E-01,2.748642E+03,1.763408E+03,8.019038E-02,2.204681E-01,3.647016E+03,2.301464E+03,8.019800E-02,2.538304E-01,3.647231E+03,2.712307E+03,4.825595E-02,1.690998E-01,2.748416E+03,1.725433E+03,8.015766E-02,2.052127E-01,3.646095E+03,2.094560E+03,1.173503E-01,2.818764E-01,4.693066E+03,2.994060E+03,8.523735E-02,1.839229E-01,3.789270E+03,1.880478E+03,1.173116E-01,2.198936E-01,4.691976E+03,2.295663E+03,1.173443E-01,2.688326E-01,4.692897E+03,2.862987E+03,8.521369E-02,1.832276E-01,3.788605E+03,1.873193E+03,1.172700E-01,2.050512E-01,4.690806E+03,2.092908E+03
NonCoinc Peak,1.146868E-01,2.811637E-01,4.618112E+03,2.986900E+03,8.248415E-02,1.668488E-01,3.711793E+03,1.701804E+03,1.147639E-01,2.205499E-01,4.620281E+03,2.302257E+03,1.147191E-01,2.611022E-01,4.619021E+03,2.785311E+03,8.248938E-02,1.628464E-01,3.711940E+03,1.659920E+03,1.147430E-01,2.069451E-01,4.619692E+03,2.111936E+03,8.018130E-02,2.755523E-01,3.646761E+03,2.930579E+03,4.826396E-02,1.727278E-01,2.748642E+03,1.763408E+03,8.019038E-02,2.204681E-01,3.647016E+03,2.301464E+03,8.019800E-02,2.538304E-01,3.647231E+03,2.712307E+03,4.825595E-02,1.690998E-01,2.748416E+03,1.725433E+03,8.015766E-02,2.052127E-01,3.646095E+03,2.094560E+03,1.173503E-01,2.818764E-01,4.693066E+03,2.994060E+03,8.523735E-02,1.839229E-01,3.789270E+03,1.880478E+03,1.173116E-01,2.198936E-01,4.691976E+03,2.295663E+03,1.173443E-01,2.688326E-01,4.692897E+03,2.862987E+03,8.521369E-02,1.832276E-01,3.788605E+03,1.873193E+03,1.172700E-01,2.050512E-01,4.690806E+03,2.092908E+03
